episode_reward_max,episode_reward_min,episode_reward_mean,episode_len_mean,episodes_this_iter,num_healthy_workers,timesteps_total,agent_timesteps_total,done,episodes_total,training_iteration,experiment_id,date,timestamp,time_this_iter_s,time_total_s,pid,hostname,node_ip,time_since_restore,timesteps_since_restore,iterations_since_restore,trial_id,hist_stats/episode_reward,hist_stats/episode_lengths,timers/sample_time_ms,timers/sample_throughput,timers/learn_time_ms,timers/learn_throughput,timers/update_time_ms,info/num_steps_sampled,info/num_agent_steps_sampled,info/num_steps_trained,perf/cpu_util_percent,perf/ram_util_percent,info/learner/default_policy/learner_stats/allreduce_latency,info/learner/default_policy/learner_stats/cur_kl_coeff,info/learner/default_policy/learner_stats/cur_lr,info/learner/default_policy/learner_stats/total_loss,info/learner/default_policy/learner_stats/policy_loss,info/learner/default_policy/learner_stats/vf_loss,info/learner/default_policy/learner_stats/vf_explained_var,info/learner/default_policy/learner_stats/kl,info/learner/default_policy/learner_stats/entropy,info/learner/default_policy/learner_stats/entropy_coeff
nan,nan,nan,nan,0,2,48,48,False,0,1,cbf1146b5dcc4b4aa828a8ecc4b5ecdd,2021-08-16_16-18-37,1629101917,0.42836427688598633,0.42836427688598633,18177,sjtuer-B560M-AORUS-PRO-AX,10.131.0.34,0.42836427688598633,0,1,8cf43_00000,[],[],43.602,1100.871,381.142,125.937,1.049,48,48,48,17.9,56.8,0.0,0.5,5.0000000000000016e-05,3.354593789577484,-0.0009791292250156403,3.3689742902914683,4.9759696e-05,0.005273948826652486,1.603836045662562,0.010000000000000002
nan,nan,nan,nan,0,2,96,96,False,0,2,cbf1146b5dcc4b4aa828a8ecc4b5ecdd,2021-08-16_16-18-37,1629101917,0.39875245094299316,0.8271167278289795,18177,sjtuer-B560M-AORUS-PRO-AX,10.131.0.34,0.8271167278289795,0,2,8cf43_00000,[],[],32.294,1486.349,377.297,127.221,1.265,96,96,96,8.1,56.9,0.0,0.5,5.0000000000000016e-05,2.026001383860906,0.0007833585763971011,2.040827728311221,-0.005383434,0.0008060417989862974,1.6012761473655701,0.010000000000000002
nan,nan,nan,nan,0,2,144,144,False,0,3,cbf1146b5dcc4b4aa828a8ecc4b5ecdd,2021-08-16_16-18-38,1629101918,0.41322898864746094,1.2403457164764404,18177,sjtuer-B560M-AORUS-PRO-AX,10.131.0.34,1.2403457164764404,0,3,8cf43_00000,[],[],29.013,1654.444,380.209,126.246,1.202,144,144,144,,,0.0,0.25,5.0000000000000016e-05,1.4578244467576345,-0.0006634306783477466,1.4739674026767413,0.025092889,0.0023238848261826206,1.606049019098282,0.010000000000000002
nan,nan,nan,nan,0,2,192,192,False,0,4,cbf1146b5dcc4b4aa828a8ecc4b5ecdd,2021-08-16_16-18-38,1629101918,0.39890575408935547,1.639251470565796,18177,sjtuer-B560M-AORUS-PRO-AX,10.131.0.34,1.639251470565796,0,4,8cf43_00000,[],[],26.965,1780.109,378.733,126.738,1.176,192,192,192,8.1,56.9,0.0,0.125,5.0000000000000016e-05,0.4350957212348779,-0.001320722388724486,0.45237834950288136,-0.052186497,0.0005716398462666916,1.6033359070618947,0.010000000000000002
nan,nan,nan,nan,0,2,240,240,False,0,5,cbf1146b5dcc4b4aa828a8ecc4b5ecdd,2021-08-16_16-18-39,1629101919,0.3997488021850586,2.0390002727508545,18177,sjtuer-B560M-AORUS-PRO-AX,10.131.0.34,2.0390002727508545,0,5,8cf43_00000,[],[],25.854,1856.613,377.801,127.051,1.219,240,240,240,,,0.0,0.0625,5.0000000000000016e-05,0.3646755556265513,-0.0032282212749123575,0.38374121704449254,-0.38041463,0.0018836287026003855,1.5955158611138662,0.010000000000000002
nan,nan,nan,nan,0,2,288,288,False,0,6,cbf1146b5dcc4b4aa828a8ecc4b5ecdd,2021-08-16_16-18-39,1629101919,0.41371798515319824,2.4527182579040527,18177,sjtuer-B560M-AORUS-PRO-AX,10.131.0.34,2.4527182579040527,0,6,8cf43_00000,[],[],25.115,1911.19,379.612,126.445,1.201,288,288,288,8.0,56.9,0.0,0.03125,5.0000000000000016e-05,0.20658394377678632,-0.001710998887817065,0.22421674144764742,-0.11763532,0.001684948522921396,1.5974454243977865,0.010000000000000002
nan,nan,nan,nan,0,2,336,336,False,0,7,cbf1146b5dcc4b4aa828a8ecc4b5ecdd,2021-08-16_16-18-39,1629101919,0.43094682693481445,2.883665084838867,18177,sjtuer-B560M-AORUS-PRO-AX,10.131.0.34,2.883665084838867,0,7,8cf43_00000,[],[],24.722,1941.56,383.219,125.255,1.197,336,336,336,10.7,56.9,0.0,0.015625,5.0000000000000016e-05,0.2733317628502846,0.0002898858239253362,0.2890619534999132,-0.020121817,0.00044849594511125654,1.6027086893717448,0.010000000000000002
nan,nan,nan,nan,0,2,384,384,False,0,8,cbf1146b5dcc4b4aa828a8ecc4b5ecdd,2021-08-16_16-18-40,1629101920,0.4204878807067871,3.3041529655456543,18177,sjtuer-B560M-AORUS-PRO-AX,10.131.0.34,3.3041529655456543,0,8,8cf43_00000,[],[],24.348,1971.409,384.704,124.771,1.179,384,384,384,,,0.0,0.0078125,5.0000000000000016e-05,0.37034212201833727,-0.0011453258494536081,0.38746948800981046,-0.04784061,0.0011191747628470639,1.5990785777568817,0.010000000000000002
nan,nan,nan,nan,0,2,432,432,False,0,9,cbf1146b5dcc4b4aa828a8ecc4b5ecdd,2021-08-16_16-18-40,1629101920,0.4115116596221924,3.7156646251678467,18177,sjtuer-B560M-AORUS-PRO-AX,10.131.0.34,3.7156646251678467,0,9,8cf43_00000,[],[],24.153,1987.351,384.776,124.748,1.165,432,432,432,8.6,56.9,0.0,0.00390625,5.0000000000000016e-05,0.1793360116270681,-0.0032552544958889484,0.19858933923145136,-0.031479422,0.0010006412354740017,1.6001976529757183,0.010000000000000002
nan,nan,nan,nan,0,2,480,480,False,0,10,cbf1146b5dcc4b4aa828a8ecc4b5ecdd,2021-08-16_16-18-41,1629101921,0.428816556930542,4.144481182098389,18177,sjtuer-B560M-AORUS-PRO-AX,10.131.0.34,4.144481182098389,0,10,8cf43_00000,[],[],23.88,2010.046,386.675,124.135,1.157,480,480,480,,,0.0,0.001953125,5.0000000000000016e-05,0.0807962068511794,3.203127610807617e-05,0.09683649788300196,-0.03707587,0.000218727671781771,1.6072750747203828,0.010000000000000002
nan,nan,nan,nan,0,2,528,528,False,0,11,cbf1146b5dcc4b4aa828a8ecc4b5ecdd,2021-08-16_16-18-41,1629101921,0.42072200775146484,4.5652031898498535,18177,sjtuer-B560M-AORUS-PRO-AX,10.131.0.34,4.5652031898498535,0,11,8cf43_00000,[],[],21.68,2213.99,388.095,123.681,1.162,528,528,528,8.4,57.0,0.0,0.0009765625,5.0000000000000016e-05,0.11593735342224439,-0.0014438634738326074,0.1334503469367822,0.09335928,0.00023629788006225284,1.6069365799427033,0.010000000000000002
nan,nan,nan,nan,0,2,576,576,False,0,12,cbf1146b5dcc4b4aa828a8ecc4b5ecdd,2021-08-16_16-18-42,1629101922,0.4455137252807617,5.010716915130615,18177,sjtuer-B560M-AORUS-PRO-AX,10.131.0.34,5.010716915130615,0,12,8cf43_00000,[],[],21.757,2206.231,392.025,122.441,1.118,576,576,576,8.6,57.0,0.0,0.00048828125,5.0000000000000016e-05,0.12365151923149824,-0.0004590547333161036,0.1401445374513666,0.13979146,0.0006438797515632958,1.6034274021784465,0.010000000000000002
nan,nan,nan,nan,0,2,624,624,False,0,13,cbf1146b5dcc4b4aa828a8ecc4b5ecdd,2021-08-16_16-18-42,1629101922,0.4518001079559326,5.462517023086548,18177,sjtuer-B560M-AORUS-PRO-AX,10.131.0.34,5.462517023086548,0,13,8cf43_00000,[],[],21.669,2215.113,395.961,121.224,1.119,624,624,624,,,0.0,0.000244140625,5.0000000000000016e-05,0.1029793038032949,-0.0006733022009332974,0.11965536549687386,0.26971862,0.0004647529314321256,1.600287026166916,0.010000000000000002
nan,nan,nan,nan,0,2,672,672,False,0,14,cbf1146b5dcc4b4aa828a8ecc4b5ecdd,2021-08-16_16-18-43,1629101923,0.495361328125,5.957878351211548,18177,sjtuer-B560M-AORUS-PRO-AX,10.131.0.34,5.957878351211548,0,14,8cf43_00000,[],[],22.329,2149.643,404.94,118.536,1.118,672,672,672,8.1,57.0,0.0,0.0001220703125,5.0000000000000016e-05,0.0695041975316902,-0.0016828012963136037,0.08716426345830162,0.51901215,0.0004078085766605103,1.5977307657400768,0.010000000000000002
nan,nan,nan,nan,0,2,720,720,False,0,15,cbf1146b5dcc4b4aa828a8ecc4b5ecdd,2021-08-16_16-18-43,1629101923,0.47565698623657227,6.43353533744812,18177,sjtuer-B560M-AORUS-PRO-AX,10.131.0.34,6.43353533744812,0,15,8cf43_00000,[],[],22.393,2143.561,412.541,116.352,1.087,720,720,720,8.6,57.0,0.0,6.103515625e-05,5.0000000000000016e-05,0.20256294906139374,0.0004608983794848124,0.21816671428581078,0.07799759,0.00022944198458390018,1.6064674317836762,0.010000000000000002
nan,nan,nan,nan,0,2,768,768,False,0,16,cbf1146b5dcc4b4aa828a8ecc4b5ecdd,2021-08-16_16-18-43,1629101923,0.4749433994293213,6.908478736877441,18177,sjtuer-B560M-AORUS-PRO-AX,10.131.0.34,6.908478736877441,0,16,8cf43_00000,[],[],22.448,2138.268,418.582,114.673,1.083,768,768,768,,,0.0,3.0517578125e-05,5.0000000000000016e-05,0.19251447121302287,0.0008305569489796956,0.20776018276810646,0.46329987,8.750478086767543e-05,1.6076265017191569,0.010000000000000002
nan,nan,nan,nan,0,2,816,816,False,0,17,cbf1146b5dcc4b4aa828a8ecc4b5ecdd,2021-08-16_16-18-44,1629101924,0.4661881923675537,7.374666929244995,18177,sjtuer-B560M-AORUS-PRO-AX,10.131.0.34,7.374666929244995,0,17,8cf43_00000,[],[],22.406,2142.276,422.124,113.711,1.083,816,816,816,9.5,57.0,0.0,1.52587890625e-05,5.0000000000000016e-05,0.20994660866757234,-0.0008431823303302129,0.22686207393805186,0.56426203,0.00010480739931608695,1.607228704293569,0.010000000000000002
nan,nan,nan,nan,0,2,864,864,False,0,18,cbf1146b5dcc4b4aa828a8ecc4b5ecdd,2021-08-16_16-18-44,1629101924,0.4721672534942627,7.846834182739258,18177,sjtuer-B560M-AORUS-PRO-AX,10.131.0.34,7.846834182739258,0,18,8cf43_00000,[],[],22.394,2143.431,427.301,112.333,1.085,864,864,864,8.1,57.0,0.0,7.62939453125e-06,5.0000000000000016e-05,0.15343080119540295,0.00018389765173196793,0.16930923356364172,0.14725049,0.00012178120553323346,1.6062336444854737,0.010000000000000002
nan,nan,nan,nan,0,2,912,912,False,0,19,cbf1146b5dcc4b4aa828a8ecc4b5ecdd,2021-08-16_16-18-45,1629101925,0.4662282466888428,8.3130624294281,18177,sjtuer-B560M-AORUS-PRO-AX,10.131.0.34,8.3130624294281,0,19,8cf43_00000,[],[],22.337,2148.935,432.826,110.899,1.084,912,912,912,9.2,57.1,0.0,3.814697265625e-06,5.0000000000000016e-05,0.07851450523982445,0.0003095375994841258,0.09425516581783693,0.44803387,0.00022013932221106222,1.6050196727116903,0.010000000000000002
nan,nan,nan,nan,0,2,960,960,False,0,20,cbf1146b5dcc4b4aa828a8ecc4b5ecdd,2021-08-16_16-18-45,1629101925,0.4949793815612793,8.80804181098938,18177,sjtuer-B560M-AORUS-PRO-AX,10.131.0.34,8.80804181098938,0,20,8cf43_00000,[],[],22.385,2144.269,439.334,109.256,1.112,960,960,960,,,0.0,1.9073486328125e-06,5.0000000000000016e-05,0.09503232054412365,0.00019116544475158057,0.110888916409264,0.5701076,1.554733053564424e-05,1.6047756870587666,0.010000000000000002
nan,nan,nan,nan,0,2,1008,1008,False,0,21,cbf1146b5dcc4b4aa828a8ecc4b5ecdd,2021-08-16_16-18-46,1629101926,0.46144652366638184,9.269488334655762,18177,sjtuer-B560M-AORUS-PRO-AX,10.131.0.34,9.269488334655762,0,21,8cf43_00000,[],[],22.597,2124.218,443.202,108.303,1.113,1008,1008,1008,10.1,57.1,0.0,9.5367431640625e-07,5.0000000000000016e-05,0.05982895114769538,-0.0029257360845804216,0.07871310294916233,0.694276,0.003500825898447661,1.595842081308365,0.010000000000000002
nan,nan,nan,nan,0,2,1056,1056,False,0,22,cbf1146b5dcc4b4aa828a8ecc4b5ecdd,2021-08-16_16-18-46,1629101926,0.45542240142822266,9.724910736083984,18177,sjtuer-B560M-AORUS-PRO-AX,10.131.0.34,9.724910736083984,0,22,8cf43_00000,[],[],22.591,2124.701,444.919,107.885,1.121,1056,1056,1056,7.6,57.1,0.0,4.76837158203125e-07,5.0000000000000016e-05,0.1131528213309745,-0.004451519375046094,0.1335164986550808,0.5127798,0.004751974424713505,1.5912160317103068,0.010000000000000002
nan,nan,nan,nan,0,2,1104,1104,False,0,23,cbf1146b5dcc4b4aa828a8ecc4b5ecdd,2021-08-16_16-18-47,1629101927,0.46044349670410156,10.185354232788086,18177,sjtuer-B560M-AORUS-PRO-AX,10.131.0.34,10.185354232788086,0,23,8cf43_00000,[],[],22.726,2112.108,445.762,107.681,1.119,1104,1104,1104,,,0.0,2.384185791015625e-07,5.0000000000000016e-05,0.1537869041164716,-0.00014808246244986853,0.1698503490537405,0.07638279,0.0007832499034305495,1.5915360788504282,0.010000000000000002
nan,nan,nan,nan,0,2,1152,1152,False,0,24,cbf1146b5dcc4b4aa828a8ecc4b5ecdd,2021-08-16_16-18-47,1629101927,0.44881391525268555,10.634168148040771,18177,sjtuer-B560M-AORUS-PRO-AX,10.131.0.34,10.634168148040771,0,24,8cf43_00000,[],[],22.121,2169.841,441.72,108.666,1.118,1152,1152,1152,8.6,57.1,0.0,1.1920928955078125e-07,5.0000000000000016e-05,0.14539494570344685,-0.003827497735619545,0.1650711270670096,-0.23385039,0.0012161699184955429,1.5848682463169097,0.010000000000000002
nan,nan,nan,nan,0,2,1200,1200,False,0,25,cbf1146b5dcc4b4aa828a8ecc4b5ecdd,2021-08-16_16-18-48,1629101928,0.4568593502044678,11.09102749824524,18177,sjtuer-B560M-AORUS-PRO-AX,10.131.0.34,11.09102749824524,0,25,8cf43_00000,[],[],22.06,2175.872,439.888,109.119,1.113,1200,1200,1200,8.7,57.1,0.0,5.960464477539063e-08,5.0000000000000016e-05,0.1897199410945177,-5.981580664714177e-05,0.2055617459739248,0.45943525,0.0003572343841456179,1.578199855486552,0.010000000000000002
nan,nan,nan,nan,0,2,1248,1248,False,0,26,cbf1146b5dcc4b4aa828a8ecc4b5ecdd,2021-08-16_16-18-48,1629101928,0.44758033752441406,11.538607835769653,18177,sjtuer-B560M-AORUS-PRO-AX,10.131.0.34,11.538607835769653,0,26,8cf43_00000,[],[],21.979,2183.884,437.251,109.777,1.11,1248,1248,1248,,,0.0,2.9802322387695312e-08,5.0000000000000016e-05,0.11981886867433786,0.0015795513366659482,0.13399408832192422,0.09843011,0.00048775006353822076,1.5754772424697876,0.010000000000000002
nan,nan,nan,nan,0,2,1296,1296,False,0,27,cbf1146b5dcc4b4aa828a8ecc4b5ecdd,2021-08-16_16-18-49,1629101929,0.46915245056152344,12.007760286331177,18177,sjtuer-B560M-AORUS-PRO-AX,10.131.0.34,12.007760286331177,0,27,8cf43_00000,[],[],22.922,2094.035,436.628,109.933,1.104,1296,1296,1296,8.5,57.1,0.0,1.4901161193847656e-08,5.0000000000000016e-05,0.19692198668296138,0.0009352354099974036,0.2117161973884019,0.18818003,0.00032212023373201504,1.5729446450869242,0.010000000000000002
nan,nan,nan,nan,0,2,1344,1344,False,0,28,cbf1146b5dcc4b4aa828a8ecc4b5ecdd,2021-08-16_16-18-49,1629101929,0.46533894538879395,12.47309923171997,18177,sjtuer-B560M-AORUS-PRO-AX,10.131.0.34,12.47309923171997,0,28,8cf43_00000,[],[],22.924,2093.831,435.901,110.117,1.128,1344,1344,1344,7.7,57.1,0.0,7.450580596923828e-09,5.0000000000000016e-05,0.1524330908432603,0.0007352301230033239,0.1674605080857873,-0.35327864,7.626559854031119e-05,1.5762649496396384,0.010000000000000002
nan,nan,nan,nan,0,2,1392,1392,False,0,29,cbf1146b5dcc4b4aa828a8ecc4b5ecdd,2021-08-16_16-18-50,1629101930,0.4871859550476074,12.960285186767578,18177,sjtuer-B560M-AORUS-PRO-AX,10.131.0.34,12.960285186767578,0,29,8cf43_00000,[],[],22.902,2095.917,438.018,109.584,1.134,1392,1392,1392,,,0.0,3.725290298461914e-09,5.0000000000000016e-05,0.21591871132453283,0.0013722343991200128,0.23025915926943222,-0.16182081,0.0014305133993675946,1.5712678651014964,0.010000000000000002
nan,nan,nan,nan,0,2,1440,1440,False,0,30,cbf1146b5dcc4b4aa828a8ecc4b5ecdd,2021-08-16_16-18-50,1629101930,0.4482395648956299,13.408524751663208,18177,sjtuer-B560M-AORUS-PRO-AX,10.131.0.34,13.408524751663208,0,30,8cf43_00000,[],[],22.861,2099.627,433.443,110.741,1.11,1440,1440,1440,9.6,57.1,0.0,1.862645149230957e-09,5.0000000000000016e-05,0.22284580549846092,-0.0003219559323042631,0.23889957976837953,-0.10955069,0.001042115434654652,1.5731823166211447,0.010000000000000002
nan,nan,nan,nan,0,2,1488,1488,False,0,31,cbf1146b5dcc4b4aa828a8ecc4b5ecdd,2021-08-16_16-18-51,1629101931,0.46017909049987793,13.868703842163086,18177,sjtuer-B560M-AORUS-PRO-AX,10.131.0.34,13.868703842163086,0,31,8cf43_00000,[],[],22.623,2121.763,433.567,110.71,1.107,1488,1488,1488,8.3,57.1,0.0,9.313225746154785e-10,5.0000000000000016e-05,0.20730917587255437,-0.00022451474020878474,0.22335263794908922,-0.10837147,0.00038164180732565,1.5818947374820709,0.010000000000000002
nan,nan,nan,nan,0,2,1536,1536,False,0,32,cbf1146b5dcc4b4aa828a8ecc4b5ecdd,2021-08-16_16-18-51,1629101931,0.4555857181549072,14.324289560317993,18177,sjtuer-B560M-AORUS-PRO-AX,10.131.0.34,14.324289560317993,0,32,8cf43_00000,[],[],22.572,2126.567,433.61,110.698,1.109,1536,1536,1536,,,0.0,4.656612873077393e-10,5.0000000000000016e-05,0.12004765110711256,0.00020480531578262646,0.1356153978034854,0.22687985,0.0004909297458875805,1.5772548238436381,0.010000000000000002
nan,nan,nan,nan,0,2,1584,1584,False,0,33,cbf1146b5dcc4b4aa828a8ecc4b5ecdd,2021-08-16_16-18-51,1629101931,0.4695549011230469,14.79384446144104,18177,sjtuer-B560M-AORUS-PRO-AX,10.131.0.34,14.79384446144104,0,33,8cf43_00000,[],[],22.405,2142.337,434.689,110.424,1.111,1584,1584,1584,7.8,57.1,0.0,2.3283064365386963e-10,5.0000000000000016e-05,0.1341055842116475,0.00018268879503011704,0.1496286779642105,0.04089978,0.00032020239603897474,1.5705783863862355,0.010000000000000002
nan,nan,nan,nan,0,2,1632,1632,False,0,34,cbf1146b5dcc4b4aa828a8ecc4b5ecdd,2021-08-16_16-18-52,1629101932,0.47235941886901855,15.266203880310059,18177,sjtuer-B560M-AORUS-PRO-AX,10.131.0.34,15.266203880310059,0,34,8cf43_00000,[],[],22.49,2134.284,436.966,109.848,1.128,1632,1632,1632,8.3,57.1,0.0,1.1641532182693481e-10,5.0000000000000016e-05,0.07686757411186894,9.973399961988131e-05,0.09247078445817654,0.05547834,0.0004754645737515162,1.5702946603298187,0.010000000000000002
nan,nan,nan,nan,0,2,1680,1680,False,0,35,cbf1146b5dcc4b4aa828a8ecc4b5ecdd,2021-08-16_16-18-52,1629101932,0.4648735523223877,15.731077432632446,18177,sjtuer-B560M-AORUS-PRO-AX,10.131.0.34,15.731077432632446,0,35,8cf43_00000,[],[],22.528,2130.72,437.679,109.669,1.146,1680,1680,1680,,,0.0,5.820766091346741e-11,5.0000000000000016e-05,0.1005828038478891,0.0005996090980867545,0.11577721588934461,0.14915872,0.00047157711166943747,1.5794023315111796,0.010000000000000002
nan,nan,nan,nan,0,2,1728,1728,False,0,36,cbf1146b5dcc4b4aa828a8ecc4b5ecdd,2021-08-16_16-18-53,1629101933,0.4562971591949463,16.187374591827393,18177,sjtuer-B560M-AORUS-PRO-AX,10.131.0.34,16.187374591827393,0,36,8cf43_00000,[],[],22.556,2128.002,438.518,109.46,1.163,1728,1728,1728,8.6,57.1,0.0,2.9103830456733704e-11,5.0000000000000016e-05,0.06419434857865175,0.0002719201768438021,0.07973110325789699,0.15125027,0.0001379054567329637,1.5808676799138388,0.010000000000000002
nan,nan,nan,nan,0,2,1776,1776,False,0,37,cbf1146b5dcc4b4aa828a8ecc4b5ecdd,2021-08-16_16-18-53,1629101933,0.4648880958557129,16.652262687683105,18177,sjtuer-B560M-AORUS-PRO-AX,10.131.0.34,16.652262687683105,0,37,8cf43_00000,[],[],21.584,2223.879,439.04,109.33,1.166,1776,1776,1776,7.5,57.1,0.0,1.4551915228366852e-11,5.0000000000000016e-05,0.12671170998364686,0.00030088316028316814,0.1422784486785531,-0.24399838,0.000302691847914686,1.5867619891961415,0.010000000000000002
nan,nan,nan,nan,0,2,1824,1824,False,0,38,cbf1146b5dcc4b4aa828a8ecc4b5ecdd,2021-08-16_16-18-54,1629101934,0.46492457389831543,17.11718726158142,18177,sjtuer-B560M-AORUS-PRO-AX,10.131.0.34,17.11718726158142,0,38,8cf43_00000,[],[],21.733,2208.595,438.881,109.369,1.148,1824,1824,1824,,,0.0,7.275957614183426e-12,5.0000000000000016e-05,0.35670067419608437,-0.0001338509221871694,0.3726705296585957,-0.046601176,6.26016475391585e-05,1.5836004495620728,0.010000000000000002
nan,nan,nan,nan,0,2,1872,1872,False,0,39,cbf1146b5dcc4b4aa828a8ecc4b5ecdd,2021-08-16_16-18-54,1629101934,0.45578479766845703,17.572972059249878,18177,sjtuer-B560M-AORUS-PRO-AX,10.131.0.34,17.572972059249878,0,39,8cf43_00000,[],[],21.675,2214.518,435.805,110.141,1.145,1872,1872,1872,9.0,57.1,0.0,3.637978807091713e-12,5.0000000000000016e-05,0.21256550556669632,0.0006638626878460248,0.22776319632927577,-0.06415324,0.00043088466726404206,1.5861556470394134,0.010000000000000002
nan,nan,nan,nan,0,2,1920,1920,False,0,40,cbf1146b5dcc4b4aa828a8ecc4b5ecdd,2021-08-16_16-18-55,1629101935,0.466632604598999,18.039604663848877,18177,sjtuer-B560M-AORUS-PRO-AX,10.131.0.34,18.039604663848877,0,40,8cf43_00000,[],[],21.649,2217.233,437.678,109.67,1.135,1920,1920,1920,8.4,57.1,0.0,1.8189894035458565e-12,5.0000000000000016e-05,0.08742891838774085,-0.00015841983258724213,0.10342284695555766,0.044505093,0.00037505526019489347,1.5835512141386667,0.010000000000000002
nan,nan,nan,nan,0,2,1968,1968,False,0,41,cbf1146b5dcc4b4aa828a8ecc4b5ecdd,2021-08-16_16-18-55,1629101935,0.4781677722930908,18.517772436141968,18177,sjtuer-B560M-AORUS-PRO-AX,10.131.0.34,18.517772436141968,0,41,8cf43_00000,[],[],21.633,2218.83,439.464,109.224,1.137,1968,1968,1968,,,0.0,9.094947017729282e-13,5.0000000000000016e-05,0.10390121877814333,0.00023442537834246954,0.11948627897848686,0.40153655,0.00021709846890035264,1.5819488922754923,0.010000000000000002
nan,nan,nan,nan,0,2,2016,2016,False,0,42,cbf1146b5dcc4b4aa828a8ecc4b5ecdd,2021-08-16_16-18-56,1629101936,0.46362972259521484,18.981402158737183,18177,sjtuer-B560M-AORUS-PRO-AX,10.131.0.34,18.981402158737183,0,42,8cf43_00000,[],[],21.668,2215.238,440.22,109.037,1.154,2016,2016,2016,8.8,57.1,0.0,4.547473508864641e-13,5.0000000000000016e-05,0.08815956308195988,-0.0017178731660048166,0.1056804335055252,0.49807173,0.0007471399023193233,1.5803004801273346,0.010000000000000002
nan,nan,nan,nan,0,2,2064,2064,False,0,43,cbf1146b5dcc4b4aa828a8ecc4b5ecdd,2021-08-16_16-18-56,1629101936,0.46266746520996094,19.444069623947144,18177,sjtuer-B560M-AORUS-PRO-AX,10.131.0.34,19.444069623947144,0,43,8cf43_00000,[],[],21.687,2213.28,439.498,109.215,1.151,2064,2064,2064,7.7,57.1,0.0,2.2737367544323206e-13,5.0000000000000016e-05,0.144953430754443,-0.0002227459102869034,0.1608293199290832,0.60916895,0.0004900815630814274,1.5653144200642903,0.010000000000000002
nan,nan,nan,nan,0,2,2112,2112,False,0,44,cbf1146b5dcc4b4aa828a8ecc4b5ecdd,2021-08-16_16-18-57,1629101937,0.4957699775695801,19.939839601516724,18177,sjtuer-B560M-AORUS-PRO-AX,10.131.0.34,19.939839601516724,0,44,8cf43_00000,[],[],21.616,2220.621,441.917,108.618,1.13,2112,2112,2112,,,0.0,1.1368683772161603e-13,5.0000000000000016e-05,0.07174189227322737,-0.0006454198931654295,0.08809835518089433,0.4429877,0.00026451244692609065,1.5711044331391653,0.010000000000000002
nan,nan,nan,nan,0,2,2160,2160,False,0,45,cbf1146b5dcc4b4aa828a8ecc4b5ecdd,2021-08-16_16-18-57,1629101937,0.45770835876464844,20.397547960281372,18177,sjtuer-B560M-AORUS-PRO-AX,10.131.0.34,20.397547960281372,0,45,8cf43_00000,[],[],21.558,2226.516,441.292,108.771,1.133,2160,2160,2160,8.7,57.1,0.0,5.684341886080802e-14,5.0000000000000016e-05,0.1479243017733097,0.0018253498089810213,0.1618062648922205,0.5836734,0.0004897544972360057,1.570731484889984,0.010000000000000002
nan,nan,nan,nan,0,2,2208,2208,False,0,46,cbf1146b5dcc4b4aa828a8ecc4b5ecdd,2021-08-16_16-18-58,1629101938,0.47489118576049805,20.87243914604187,18177,sjtuer-B560M-AORUS-PRO-AX,10.131.0.34,20.87243914604187,0,46,8cf43_00000,[],[],21.557,2226.675,443.156,108.314,1.125,2208,2208,2208,8.4,57.2,0.0,2.842170943040401e-14,5.0000000000000016e-05,0.055951935984194276,-0.0025623735350867112,0.07427223930329395,0.71454483,0.002210241361095496,1.575793166955312,0.010000000000000002
nan,nan,nan,nan,0,2,2256,2256,False,0,47,cbf1146b5dcc4b4aa828a8ecc4b5ecdd,2021-08-16_16-18-58,1629101938,0.4536879062652588,21.32612705230713,18177,sjtuer-B560M-AORUS-PRO-AX,10.131.0.34,21.32612705230713,0,47,8cf43_00000,[],[],21.587,2223.583,441.993,108.599,1.128,2256,2256,2256,,,0.0,1.4210854715202004e-14,5.0000000000000016e-05,0.0578761269338429,0.00046261887376507124,0.0732486038779219,0.7465166,0.0003166753013792582,1.5835096100966135,0.010000000000000002
nan,nan,nan,nan,0,2,2304,2304,False,0,48,cbf1146b5dcc4b4aa828a8ecc4b5ecdd,2021-08-16_16-18-59,1629101939,0.4717867374420166,21.797913789749146,18177,sjtuer-B560M-AORUS-PRO-AX,10.131.0.34,21.797913789749146,0,48,8cf43_00000,[],[],21.413,2241.64,442.862,108.386,1.125,2304,2304,2304,7.9,57.1,0.0,7.105427357601002e-15,5.0000000000000016e-05,0.04809103357450416,0.0006788789294660091,0.06319849519253087,0.77739394,0.0002879653823358789,1.5786342402299245,0.010000000000000002
nan,nan,nan,nan,0,2,2352,2352,False,0,49,cbf1146b5dcc4b4aa828a8ecc4b5ecdd,2021-08-16_16-18-59,1629101939,0.46816587448120117,22.266079664230347,18177,sjtuer-B560M-AORUS-PRO-AX,10.131.0.34,22.266079664230347,0,49,8cf43_00000,[],[],21.507,2231.849,443.998,108.109,1.136,2352,2352,2352,8.5,57.1,0.0,3.552713678800501e-15,5.0000000000000016e-05,0.002778631510833899,-0.0007484226177136103,0.019321226774870106,0.81828743,0.0008956402687796405,1.5794175366560619,0.010000000000000002
nan,nan,nan,nan,0,2,2400,2400,False,0,50,cbf1146b5dcc4b4aa828a8ecc4b5ecdd,2021-08-16_16-18-59,1629101939,0.4757561683654785,22.741835832595825,18177,sjtuer-B560M-AORUS-PRO-AX,10.131.0.34,22.741835832595825,0,50,8cf43_00000,[],[],21.53,2229.429,444.863,107.898,1.147,2400,2400,2400,,,0.0,1.7763568394002505e-15,5.0000000000000016e-05,-0.004023968304196993,-0.002072836769123872,0.013820029987255112,0.7530846,0.00045099088705695677,1.5771171311537424,0.010000000000000002
nan,nan,nan,nan,0,2,2448,2448,False,0,51,cbf1146b5dcc4b4aa828a8ecc4b5ecdd,2021-08-16_16-19-00,1629101940,0.4731450080871582,23.214980840682983,18177,sjtuer-B560M-AORUS-PRO-AX,10.131.0.34,23.214980840682983,0,51,8cf43_00000,[],[],21.577,2224.624,444.326,108.029,1.159,2448,2448,2448,8.9,57.1,0.0,8.881784197001252e-16,5.0000000000000016e-05,-0.006654738945265611,-0.0004318968082467715,0.009508694334848163,0.79804474,0.000539231795118115,1.573153418302536,0.010000000000000002
nan,nan,nan,nan,0,2,2496,2496,False,0,52,cbf1146b5dcc4b4aa828a8ecc4b5ecdd,2021-08-16_16-19-00,1629101940,0.47845911979675293,23.693439960479736,18177,sjtuer-B560M-AORUS-PRO-AX,10.131.0.34,23.693439960479736,0,52,8cf43_00000,[],[],21.57,2225.308,445.866,107.656,1.135,2496,2496,2496,8.3,57.1,0.0,4.440892098500626e-16,5.0000000000000016e-05,0.07450574267034729,5.0074576089779534e-05,0.09024983980537703,0.4851998,9.105596908940417e-05,1.579418033361435,0.010000000000000002
nan,nan,nan,nan,0,2,2544,2544,False,0,53,cbf1146b5dcc4b4aa828a8ecc4b5ecdd,2021-08-16_16-19-01,1629101941,0.47147369384765625,24.164913654327393,18177,sjtuer-B560M-AORUS-PRO-AX,10.131.0.34,24.164913654327393,0,53,8cf43_00000,[],[],21.619,2220.241,446.695,107.456,1.135,2544,2544,2544,,,0.0,2.220446049250313e-16,5.0000000000000016e-05,0.17315413150936365,0.001030728593468666,0.187938525279363,-0.4650701,0.00029444260497927627,1.5815125167369843,0.010000000000000002
nan,nan,nan,nan,0,2,2592,2592,False,0,54,cbf1146b5dcc4b4aa828a8ecc4b5ecdd,2021-08-16_16-19-01,1629101941,0.48823070526123047,24.653144359588623,18177,sjtuer-B560M-AORUS-PRO-AX,10.131.0.34,24.653144359588623,0,54,8cf43_00000,[],[],21.839,2197.854,445.704,107.695,1.149,2592,2592,2592,9.4,57.1,0.0,1.1102230246251565e-16,5.0000000000000016e-05,0.1634307344754537,-0.0001652820035815239,0.17938985725243886,-0.06438002,0.0003310540932788634,1.5793832838535309,0.010000000000000002
nan,nan,nan,nan,0,2,2640,2640,False,0,55,cbf1146b5dcc4b4aa828a8ecc4b5ecdd,2021-08-16_16-19-02,1629101942,0.473771333694458,25.12691569328308,18177,sjtuer-B560M-AORUS-PRO-AX,10.131.0.34,25.12691569328308,0,55,8cf43_00000,[],[],21.826,2199.195,447.323,107.305,1.151,2640,2640,2640,8.9,57.1,0.0,5.551115123125783e-17,5.0000000000000016e-05,-0.015097052976489066,-0.0007480587189396223,0.0013156418235060604,0.74526244,0.0006053933853414387,1.566463049252828,0.010000000000000002
nan,nan,nan,nan,0,2,2688,2688,False,0,56,cbf1146b5dcc4b4aa828a8ecc4b5ecdd,2021-08-16_16-19-02,1629101942,0.46651673316955566,25.593432426452637,18177,sjtuer-B560M-AORUS-PRO-AX,10.131.0.34,25.593432426452637,0,56,8cf43_00000,[],[],21.791,2202.722,446.512,107.5,1.151,2688,2688,2688,,,0.0,2.7755575615628914e-17,5.0000000000000016e-05,0.023724379825095336,0.0015401110673944156,0.037863590292787803,0.645431,0.00047849230772225584,1.567932132879893,0.010000000000000002
nan,nan,nan,nan,0,2,2736,2736,False,0,57,cbf1146b5dcc4b4aa828a8ecc4b5ecdd,2021-08-16_16-19-03,1629101943,0.45963549613952637,26.053067922592163,18177,sjtuer-B560M-AORUS-PRO-AX,10.131.0.34,26.053067922592163,0,57,8cf43_00000,[],[],21.939,2187.879,447.005,107.381,1.142,2736,2736,2736,8.6,57.1,0.0,1.3877787807814457e-17,5.0000000000000016e-05,0.12120112851262092,-0.005321251104275385,0.14228404061868788,-0.084861346,0.00223719116872374,1.576165356238683,0.010000000000000002
nan,nan,nan,nan,0,2,2784,2784,False,0,58,cbf1146b5dcc4b4aa828a8ecc4b5ecdd,2021-08-16_16-19-03,1629101943,0.4568331241607666,26.50990104675293,18177,sjtuer-B560M-AORUS-PRO-AX,10.131.0.34,26.50990104675293,0,58,8cf43_00000,[],[],21.94,2187.792,445.518,107.74,1.136,2784,2784,2784,7.8,57.1,0.0,6.938893903907228e-18,5.0000000000000016e-05,-0.018039887119084597,-0.003982066921889782,0.0017808819905136867,0.40332848,0.0013588003770296157,1.5838706731796264,0.010000000000000002
nan,nan,nan,nan,0,2,2832,2832,False,0,59,cbf1146b5dcc4b4aa828a8ecc4b5ecdd,2021-08-16_16-19-04,1629101944,0.46806764602661133,26.97796869277954,18177,sjtuer-B560M-AORUS-PRO-AX,10.131.0.34,26.97796869277954,0,59,8cf43_00000,[],[],21.956,2186.205,445.49,107.747,1.123,2832,2832,2832,,,0.0,3.469446951953614e-18,5.0000000000000016e-05,-0.014481630735099315,0.0002739688381552696,0.0010779915005817505,0.39188907,0.00020069336068431198,1.5833585917949677,0.010000000000000002
nan,nan,nan,nan,0,2,2880,2880,False,0,60,cbf1146b5dcc4b4aa828a8ecc4b5ecdd,2021-08-16_16-19-04,1629101944,0.4602017402648926,27.438170433044434,18177,sjtuer-B560M-AORUS-PRO-AX,10.131.0.34,27.438170433044434,0,60,8cf43_00000,[],[],21.954,2186.394,443.955,108.119,1.118,2880,2880,2880,8.8,57.0,0.0,1.734723475976807e-18,5.0000000000000016e-05,0.14276344167689484,-0.0011591323340932528,0.15977927511557938,-0.03614631,0.00021666674207760178,1.5856697658697765,0.010000000000000002
