episode_reward_max,episode_reward_min,episode_reward_mean,episode_len_mean,episodes_this_iter,num_healthy_workers,timesteps_total,agent_timesteps_total,done,episodes_total,training_iteration,experiment_id,date,timestamp,time_this_iter_s,time_total_s,pid,hostname,node_ip,time_since_restore,timesteps_since_restore,iterations_since_restore,trial_id,hist_stats/episode_reward,hist_stats/episode_lengths,timers/sample_time_ms,timers/sample_throughput,timers/learn_time_ms,timers/learn_throughput,timers/update_time_ms,info/num_steps_sampled,info/num_agent_steps_sampled,info/num_steps_trained,evaluation/episode_reward_max,evaluation/episode_reward_min,evaluation/episode_reward_mean,evaluation/episode_len_mean,evaluation/episodes_this_iter,perf/cpu_util_percent,perf/ram_util_percent,evaluation/hist_stats/episode_reward,evaluation/hist_stats/episode_lengths,evaluation/sampler_perf/mean_raw_obs_processing_ms,evaluation/sampler_perf/mean_inference_ms,evaluation/sampler_perf/mean_action_processing_ms,evaluation/sampler_perf/mean_env_wait_ms,evaluation/sampler_perf/mean_env_render_ms,info/learner/default_policy/learner_stats/allreduce_latency,info/learner/default_policy/learner_stats/cur_kl_coeff,info/learner/default_policy/learner_stats/cur_lr,info/learner/default_policy/learner_stats/total_loss,info/learner/default_policy/learner_stats/policy_loss,info/learner/default_policy/learner_stats/vf_loss,info/learner/default_policy/learner_stats/vf_explained_var,info/learner/default_policy/learner_stats/kl,info/learner/default_policy/learner_stats/entropy,info/learner/default_policy/learner_stats/entropy_coeff
nan,nan,nan,nan,0,2,48,48,False,0,1,45e1e2814d1a47b2ba2f6b678ae199dc,2021-08-16_16-02-02,1629100922,8.440614461898804,8.440614461898804,2074,sjtuer-B560M-AORUS-PRO-AX,10.131.0.34,8.440614461898804,0,1,36b89_00000,[],[],29.688,1616.794,382.941,125.346,1.426,48,48,48,650.0000000000028,335.9999999999977,511.49999999999636,458.3,10,9.023076923076921,59.73846153846153,"[632.9999999999991, 491.999999999991, 335.9999999999977, 501.99999999999056, 615.000000000004, 559.9999999999965, 392.99999999999443, 505.99999999999204, 427.9999999999961, 650.0000000000028]","[472, 441, 461, 465, 448, 466, 480, 449, 452, 449]",0.1771085445377423,0.9642063427137872,0.03825551968386452,0.5521793536074707,0.0,0.0,0.5,5.0000000000000016e-05,2.800385183095932,0.0014696165919303894,2.8134582191705704,-1.7835448e-05,0.0030414873202528818,1.6063325703144073,0.010000000000000002
nan,nan,nan,nan,0,2,96,96,False,0,2,45e1e2814d1a47b2ba2f6b678ae199dc,2021-08-16_16-02-11,1629100931,8.597687244415283,17.038301706314087,2074,sjtuer-B560M-AORUS-PRO-AX,10.131.0.34,17.038301706314087,0,2,36b89_00000,[],[],28.483,1685.209,385.472,124.523,1.326,96,96,96,652.0000000000026,305.9999999999992,514.7999999999981,464.8,10,9.308333333333335,60.5,"[648.0000000000075, 305.9999999999992, 515.9999999999895, 652.0000000000026, 353.9999999999984, 525.999999999994, 548.9999999999984, 611.9999999999968, 404.9999999999937, 580.0000000000009]","[473, 460, 454, 473, 471, 467, 493, 442, 456, 459]",0.17652961472291467,0.9693386133250165,0.03829319514269638,0.5535691769945352,0.0,0.0,0.25,5.0000000000000016e-05,1.0294123748938242,-0.0009860927859942118,1.045992025732994,-0.009955724,0.0017692194910826704,1.603586842616399,0.010000000000000002
nan,nan,nan,nan,0,2,144,144,False,0,3,45e1e2814d1a47b2ba2f6b678ae199dc,2021-08-16_16-02-19,1629100939,8.3658127784729,25.404114484786987,2074,sjtuer-B560M-AORUS-PRO-AX,10.131.0.34,25.404114484786987,0,3,36b89_00000,[],[],26.164,1834.594,388.076,123.687,1.254,144,144,144,657.9999999999973,387.9999999999957,523.9999999999967,455.8,10,8.616666666666665,60.775,"[387.9999999999957, 657.9999999999973, 614.0000000000001, 458.9999999999961, 535.9999999999964, 520.9999999999978, 495.99999999999267, 568.9999999999995, 581.9999999999967, 416.99999999999534]","[430, 485, 484, 466, 460, 446, 454, 431, 456, 446]",0.175264886188023,0.968038007087514,0.03821230868311183,0.5527492880043212,0.0,0.0,0.125,5.0000000000000016e-05,1.2046478336056075,-0.0004791854570309321,1.2210895856221518,-0.03131606,0.0005399974146908922,1.6030070384343464,0.010000000000000002
nan,nan,nan,nan,0,2,192,192,False,0,4,45e1e2814d1a47b2ba2f6b678ae199dc,2021-08-16_16-02-28,1629100948,8.428608179092407,33.832722663879395,2074,sjtuer-B560M-AORUS-PRO-AX,10.131.0.34,33.832722663879395,0,4,36b89_00000,[],[],26.871,1786.337,388.548,123.537,1.211,192,192,192,675.0000000000076,306.99999999999756,490.8999999999972,455.9,10,10.283333333333333,60.75833333333332,"[527.9999999999973, 441.999999999994, 417.99999999999557, 589.9999999999985, 598.9999999999969, 407.99999999999477, 306.99999999999756, 675.0000000000076, 427.99999999999505, 513.9999999999944]","[460, 458, 450, 467, 450, 472, 437, 466, 451, 448]",0.17581829823839018,0.968971137578458,0.03823298993204989,0.5528181669491047,0.0,0.0,0.0625,5.0000000000000016e-05,0.48429892311493555,-0.001062934131671985,0.5012817770242691,-0.17256957,0.0009051873295309913,1.5976501862208048,0.010000000000000002
nan,nan,nan,nan,0,2,240,240,False,0,5,45e1e2814d1a47b2ba2f6b678ae199dc,2021-08-16_16-02-36,1629100956,8.77716851234436,42.609891176223755,2074,sjtuer-B560M-AORUS-PRO-AX,10.131.0.34,42.609891176223755,0,5,36b89_00000,[],[],25.861,1856.105,386.994,124.033,1.203,240,240,240,595.9999999999957,345.9999999999971,470.29999999999626,468.3,10,11.85,60.74999999999998,"[480.99999999999454, 419.9999999999956, 591.0000000000034, 478.9999999999951, 461.9999999999945, 464.99999999999585, 595.9999999999957, 362.9999999999974, 499.9999999999936, 345.9999999999971]","[469, 485, 447, 477, 469, 473, 450, 461, 487, 465]",0.17683718841330132,0.9739538185627106,0.038370132943166955,0.5539563245432124,0.0,0.0,0.03125,5.0000000000000016e-05,0.2324159707253178,-0.0012797315294543902,0.2495348323136568,-0.1296293,0.0009398158103568032,1.586850400765737,0.010000000000000002
nan,nan,nan,nan,0,2,288,288,False,0,6,45e1e2814d1a47b2ba2f6b678ae199dc,2021-08-16_16-02-45,1629100965,8.158383131027222,50.76827430725098,2074,sjtuer-B560M-AORUS-PRO-AX,10.131.0.34,50.76827430725098,0,6,36b89_00000,[],[],25.346,1893.772,387.215,123.962,1.208,288,288,288,648.999999999997,256.0000000000012,532.0999999999989,434.3,10,10.5,60.74999999999999,"[292.9999999999999, 641.000000000001, 573.9999999999959, 648.999999999997, 516.9999999999931, 643.0000000000067, 256.0000000000012, 548.9999999999924, 601.000000000001, 598.0000000000006]","[436, 483, 445, 445, 465, 469, 267, 451, 427, 455]",0.17689201494330137,0.9761301502245201,0.038460570383289636,0.5554666040150542,0.0,0.0,0.015625,5.0000000000000016e-05,0.1749697654818495,0.0008142948150634766,0.1899037311474482,0.1913689,0.0010958708931866567,1.5765385011831918,0.010000000000000002
nan,nan,nan,nan,0,2,336,336,False,0,7,45e1e2814d1a47b2ba2f6b678ae199dc,2021-08-16_16-02-53,1629100973,8.528518199920654,59.29679250717163,2074,sjtuer-B560M-AORUS-PRO-AX,10.131.0.34,59.29679250717163,0,7,36b89_00000,[],[],24.854,1931.272,389.383,123.272,1.191,336,336,336,646.9999999999942,334.99999999999835,556.9999999999997,465.0,10,10.124999999999998,60.824999999999996,"[592.0000000000042, 549.9999999999966, 592.9999999999993, 396.9999999999956, 634.0000000000022, 334.99999999999835, 590.9999999999991, 630.0000000000056, 646.9999999999942, 601.0000000000006]","[462, 470, 458, 481, 469, 460, 457, 462, 478, 453]",0.17680782344916385,0.97438792899472,0.03837799113956306,0.5544240357445889,0.0,0.0,0.0078125,5.0000000000000016e-05,0.10917688931028048,0.0004542078822851181,0.1246100947726518,0.47785774,0.0010023439870719445,1.5895244657993317,0.010000000000000002
nan,nan,nan,nan,0,2,384,384,False,0,8,45e1e2814d1a47b2ba2f6b678ae199dc,2021-08-16_16-03-02,1629100982,8.48949122428894,67.78628373146057,2074,sjtuer-B560M-AORUS-PRO-AX,10.131.0.34,67.78628373146057,0,8,36b89_00000,[],[],24.463,1962.13,390.713,122.852,1.171,384,384,384,625.0000000000074,414.99999999999403,550.8999999999985,461.1,10,8.808333333333332,60.79999999999998,"[625.0000000000074, 544.9999999999966, 549.9999999999949, 553.0000000000016, 614.9999999999992, 559.9999999999975, 414.99999999999403, 477.99999999999363, 549.9999999999955, 618.0000000000047]","[458, 433, 471, 460, 465, 482, 467, 469, 449, 457]",0.17631094272720566,0.9741925662203457,0.03833265228554703,0.5538441661351997,0.0,0.0,0.00390625,5.0000000000000016e-05,0.1085437667866548,-0.0002030637115240097,0.12467697747051716,0.3839812,0.00044221787532781794,1.5931880931059519,0.010000000000000002
nan,nan,nan,nan,0,2,432,432,False,0,9,45e1e2814d1a47b2ba2f6b678ae199dc,2021-08-16_16-03-10,1629100990,8.733691930770874,76.51997566223145,2074,sjtuer-B560M-AORUS-PRO-AX,10.131.0.34,76.51997566223145,0,9,36b89_00000,[],[],24.217,1982.119,390.147,123.031,1.161,432,432,432,670.0000000000026,365.99999999999824,491.3999999999986,473.5,10,10.446153846153845,60.77692307692307,"[365.99999999999824, 615.0000000000003, 573.0000000000034, 670.0000000000026, 399.9999999999955, 560.9999999999995, 384.99999999999665, 435.9999999999969, 475.99999999999596, 431.99999999999744]","[441, 450, 492, 468, 491, 471, 481, 503, 474, 464]",0.1762764773903982,0.9742727803168527,0.03834533304136701,0.5537078297079719,0.0,0.0,0.001953125,5.0000000000000016e-05,0.17371047890434663,-0.001811649091541767,0.19146510269492864,0.61090213,0.0011280179993113037,1.5945178270339966,0.010000000000000002
nan,nan,nan,nan,0,2,480,480,False,0,10,45e1e2814d1a47b2ba2f6b678ae199dc,2021-08-16_16-03-19,1629100999,8.099191427230835,84.61916708946228,2074,sjtuer-B560M-AORUS-PRO-AX,10.131.0.34,84.61916708946228,0,10,36b89_00000,[],[],23.973,2002.223,391.332,122.658,1.149,480,480,480,708.0000000000049,128.9999999999996,508.89999999999844,437.2,10,9.327272727272728,60.890909090909076,"[538.9999999999986, 501.9999999999927, 621.0000000000061, 708.0000000000049, 369.99999999999795, 566.9999999999968, 509.99999999999665, 561.9999999999945, 580.9999999999967, 128.9999999999996]","[476, 457, 466, 490, 458, 460, 459, 474, 477, 155]",0.1766688603278866,0.9738270529602383,0.038324372799622766,0.5534531768221074,0.0,0.0,0.0009765625,5.0000000000000016e-05,0.23843187087525924,-0.004501350534458955,0.2589077626665433,0.23769328,0.0016382493948791912,1.597614187002182,0.010000000000000002
nan,nan,nan,nan,0,2,528,528,False,0,11,45e1e2814d1a47b2ba2f6b678ae199dc,2021-08-16_16-03-27,1629101007,8.45904803276062,93.0782151222229,2074,sjtuer-B560M-AORUS-PRO-AX,10.131.0.34,93.0782151222229,0,11,36b89_00000,[],[],23.488,2043.637,393.523,121.975,1.131,528,528,528,660.0000000000076,303.99999999999915,494.8999999999981,461.1,10,9.416666666666666,60.849999999999994,"[303.99999999999915, 660.0000000000076, 656.9999999999987, 603.999999999999, 541.9999999999977, 498.9999999999921, 454.99999999999574, 438.9999999999967, 477.99999999999403, 310.99999999999994]","[449, 473, 460, 467, 435, 451, 475, 455, 469, 477]",0.17645405724916324,0.9729243084298856,0.038299136493811795,0.5530201802115655,0.0,0.0,0.00048828125,5.0000000000000016e-05,0.32667892339328924,-0.00018760661284128826,0.3429016926015417,-0.04824864,0.00031817676422146355,1.603531950712204,0.010000000000000002
nan,nan,nan,nan,0,2,576,576,False,0,12,45e1e2814d1a47b2ba2f6b678ae199dc,2021-08-16_16-03-36,1629101016,8.676024436950684,101.75423955917358,2074,sjtuer-B560M-AORUS-PRO-AX,10.131.0.34,101.75423955917358,0,12,36b89_00000,[],[],22.913,2094.888,396.451,121.074,1.109,576,576,576,650.0000000000048,129.99999999999932,494.3999999999989,463.6,10,10.215384615384616,61.00000000000001,"[504.9999999999941, 553.0, 129.99999999999932, 621.0000000000022, 590.0000000000026, 439.9999999999954, 340.9999999999982, 528.9999999999914, 650.0000000000048, 585.0000000000015]","[481, 443, 448, 448, 467, 468, 446, 486, 481, 468]",0.17652283973922772,0.9742141745484597,0.03832761407613884,0.5532845429321445,0.0,0.0,0.000244140625,5.0000000000000016e-05,0.31355593403180443,0.003348870264987151,0.3262274296333392,-0.08194462,0.0011265498286924692,1.602063884337743,0.010000000000000002
nan,nan,nan,nan,0,2,624,624,False,0,13,45e1e2814d1a47b2ba2f6b678ae199dc,2021-08-16_16-03-45,1629101025,8.988225221633911,110.7424647808075,2074,sjtuer-B560M-AORUS-PRO-AX,10.131.0.34,110.7424647808075,0,13,36b89_00000,[],[],22.902,2095.875,401.615,119.518,1.108,624,624,624,607.9999999999966,390.99999999999886,518.1999999999969,472.4,10,12.661538461538463,61.36923076923078,"[607.9999999999966, 480.9999999999965, 569.9999999999974, 439.9999999999953, 576.9999999999905, 576.0000000000017, 454.99999999999477, 571.0000000000013, 390.99999999999886, 512.9999999999952]","[474, 471, 473, 482, 471, 463, 486, 452, 462, 490]",0.1770994678171129,0.9764783024751968,0.03839708977232392,0.5539241684981573,0.0,0.0,0.0001220703125,5.0000000000000016e-05,0.24829860193034012,0.0013423711682359377,0.2629550609116753,0.2256533,0.0006337871209918096,1.5998903512954712,0.010000000000000002
nan,nan,nan,nan,0,2,672,672,False,0,14,45e1e2814d1a47b2ba2f6b678ae199dc,2021-08-16_16-03-54,1629101034,9.059692621231079,119.80215740203857,2074,sjtuer-B560M-AORUS-PRO-AX,10.131.0.34,119.80215740203857,0,14,36b89_00000,[],[],22.287,2153.694,410.893,116.819,1.115,672,672,672,684.0000000000031,369.99999999999875,520.7999999999987,460.8,10,12.130769230769232,61.407692307692315,"[684.0000000000031, 600.9999999999992, 375.9999999999957, 605.9999999999975, 375.9999999999976, 369.99999999999875, 602.0000000000036, 550.9999999999952, 564.0000000000016, 477.9999999999945]","[480, 453, 459, 444, 462, 464, 458, 438, 473, 477]",0.17802652511010736,0.9805096911574503,0.03852973896592511,0.5555288037206731,0.0,0.0,6.103515625e-05,5.0000000000000016e-05,0.10605307010312875,-0.001229078508913517,0.12329305776705345,0.49215385,0.0004955764710681857,1.6010930299758912,0.010000000000000002
nan,nan,nan,nan,0,2,720,720,False,0,15,45e1e2814d1a47b2ba2f6b678ae199dc,2021-08-16_16-04-03,1629101043,8.925671577453613,128.7278289794922,2074,sjtuer-B560M-AORUS-PRO-AX,10.131.0.34,128.7278289794922,0,15,36b89_00000,[],[],22.298,2152.639,419.704,114.366,1.108,720,720,720,650.0000000000047,256.0000000000014,482.099999999998,465.4,10,12.024999999999999,61.699999999999996,"[256.0000000000014, 356.9999999999973, 446.9999999999946, 650.0000000000047, 512.9999999999897, 592.0000000000035, 313.99999999999943, 635.9999999999931, 615.9999999999998, 439.9999999999961]","[470, 448, 470, 490, 437, 465, 469, 445, 468, 492]",0.17820096463898277,0.9824353341739933,0.038595244934818244,0.5562718853102127,0.0,0.0,3.0517578125e-05,5.0000000000000016e-05,0.1973120850821336,-0.004056231677532196,0.21743745543062687,0.40905246,0.0009970703389444206,1.6069169123967488,0.010000000000000002
nan,nan,nan,nan,0,2,768,768,False,0,16,45e1e2814d1a47b2ba2f6b678ae199dc,2021-08-16_16-04-11,1629101051,8.605681419372559,137.33351039886475,2074,sjtuer-B560M-AORUS-PRO-AX,10.131.0.34,137.33351039886475,0,16,36b89_00000,[],[],22.317,2150.783,426.537,112.534,1.09,768,768,768,662.0000000000049,359.9999999999977,520.6999999999978,462.7,10,9.476923076923075,61.73076923076923,"[504.9999999999921, 570.9999999999952, 548.000000000001, 662.0000000000049, 359.9999999999977, 512.999999999993, 433.999999999996, 537.9999999999972, 425.9999999999962, 650.0000000000042]","[513, 469, 458, 473, 469, 439, 446, 451, 441, 468]",0.17831623963185156,0.9816571354044878,0.03856917984914536,0.5559548686017564,0.0,0.0,1.52587890625e-05,5.0000000000000016e-05,0.19528810245295367,0.000585176299015681,0.21079111530755956,0.2261338,2.3723387912655268e-05,1.608818737665812,0.010000000000000002
nan,nan,nan,nan,0,2,816,816,False,0,17,45e1e2814d1a47b2ba2f6b678ae199dc,2021-08-16_16-04-20,1629101060,8.630497455596924,145.96400785446167,2074,sjtuer-B560M-AORUS-PRO-AX,10.131.0.34,145.96400785446167,0,17,36b89_00000,[],[],22.298,2152.627,430.647,111.46,1.086,816,816,816,703.000000000005,350.9999999999987,544.9999999999993,467.1,10,8.7,61.73333333333332,"[543.9999999999994, 658.0000000000049, 703.000000000005, 556.9999999999968, 351.9999999999977, 652.000000000003, 539.9999999999935, 482.9999999999954, 609.9999999999986, 350.9999999999987]","[456, 476, 498, 456, 446, 474, 475, 477, 451, 462]",0.17818643541338738,0.9808078974406964,0.0385396868065881,0.5556048280110798,0.0,0.0,7.62939453125e-06,5.0000000000000016e-05,0.1296459994589289,-0.00032844707990686096,0.14605963863432408,0.28250962,6.0640776362186347e-05,1.6085194945335388,0.010000000000000002
nan,nan,nan,nan,0,2,864,864,False,0,18,45e1e2814d1a47b2ba2f6b678ae199dc,2021-08-16_16-04-28,1629101068,8.515369415283203,154.47937726974487,2074,sjtuer-B560M-AORUS-PRO-AX,10.131.0.34,154.47937726974487,0,18,36b89_00000,[],[],22.316,2150.916,436.345,110.005,1.107,864,864,864,574.9999999999917,362.99999999999613,465.299999999996,463.1,10,8.7,61.73333333333334,"[441.9999999999978, 367.99999999999727, 465.99999999999534, 574.9999999999917, 389.9999999999969, 431.9999999999963, 362.99999999999613, 567.9999999999987, 479.9999999999942, 568.9999999999958]","[460, 459, 484, 442, 463, 469, 450, 473, 466, 465]",0.1779773713998718,0.9795546078738026,0.038515484007353454,0.5551776899790191,0.0,0.0,3.814697265625e-06,5.0000000000000016e-05,0.13122591447706025,0.00010007806122303009,0.14719439651817084,0.45368183,0.0004006856802372264,1.6068561176458995,0.010000000000000002
nan,nan,nan,nan,0,2,912,912,False,0,19,45e1e2814d1a47b2ba2f6b678ae199dc,2021-08-16_16-04-37,1629101077,8.61740255355835,163.09677982330322,2074,sjtuer-B560M-AORUS-PRO-AX,10.131.0.34,163.09677982330322,0,19,36b89_00000,[],[],22.213,2160.882,441.603,108.695,1.107,912,912,912,607.0000000000041,313.99999999999915,503.4999999999974,461.3,10,9.483333333333333,61.60833333333334,"[448.9999999999973, 484.9999999999934, 530.9999999999925, 581.0000000000025, 313.99999999999915, 478.99999999999505, 493.99999999999727, 555.9999999999974, 607.0000000000041, 538.9999999999955]","[461, 467, 466, 468, 435, 452, 447, 478, 464, 475]",0.1779318199087103,0.9796924637267281,0.03851612126544739,0.5551300269163308,0.0,0.0,1.9073486328125e-06,5.0000000000000016e-05,0.20024582035839558,0.000285916884119312,0.21602622997015714,0.4495144,8.69911861930935e-05,1.6066324412822723,0.010000000000000002
nan,nan,nan,nan,0,2,960,960,False,0,20,45e1e2814d1a47b2ba2f6b678ae199dc,2021-08-16_16-04-46,1629101086,8.571893692016602,171.66867351531982,2074,sjtuer-B560M-AORUS-PRO-AX,10.131.0.34,171.66867351531982,0,20,36b89_00000,[],[],22.208,2161.395,446.177,107.581,1.107,960,960,960,654.000000000003,286.9999999999997,518.699999999999,459.5,10,9.169230769230769,61.60769230769232,"[591.0000000000049, 481.99999999999477, 568.000000000001, 563.0000000000002, 432.9999999999956, 286.9999999999997, 533.9999999999926, 603.0000000000039, 654.000000000003, 471.99999999999477]","[458, 476, 441, 473, 451, 458, 433, 468, 487, 450]",0.17786459286942075,0.9795576862988996,0.03851486194790287,0.5551304775320574,0.0,0.0,9.5367431640625e-07,5.0000000000000016e-05,0.1685002059986194,0.0006276970108350118,0.1839421333745122,0.37872142,7.450651662566088e-05,1.60696253379186,0.010000000000000002
nan,nan,nan,nan,0,2,1008,1008,False,0,21,45e1e2814d1a47b2ba2f6b678ae199dc,2021-08-16_16-04-55,1629101095,8.845353364944458,180.51402688026428,2074,sjtuer-B560M-AORUS-PRO-AX,10.131.0.34,180.51402688026428,0,21,36b89_00000,[],[],22.173,2164.763,453.893,105.752,1.098,1008,1008,1008,644.0000000000051,428.9999999999964,527.4999999999968,459.9,10,10.424999999999999,61.5,"[518.9999999999987, 538.9999999999908, 624.9999999999966, 433.999999999996, 428.9999999999964, 586.9999999999973, 572.999999999995, 644.0000000000051, 471.9999999999973, 452.9999999999947]","[468, 475, 447, 460, 429, 485, 448, 462, 449, 476]",0.17801990667992068,0.9807811643065761,0.03856279751593604,0.5558026035150114,0.0,0.0,4.76837158203125e-07,5.0000000000000016e-05,0.11699646702036262,0.0003948335846265157,0.13268129878366988,0.3312046,0.0003968004330583123,1.6079663435618083,0.010000000000000002
nan,nan,nan,nan,0,2,1056,1056,False,0,22,45e1e2814d1a47b2ba2f6b678ae199dc,2021-08-16_16-05-03,1629101103,8.82998538017273,189.344012260437,2074,sjtuer-B560M-AORUS-PRO-AX,10.131.0.34,189.344012260437,0,22,36b89_00000,[],[],22.312,2151.352,458.05,104.792,1.098,1056,1056,1056,679.0000000000044,382.9999999999981,533.099999999998,470.7,10,10.792307692307693,61.53846153846154,"[577.0000000000005, 679.0000000000044, 467.99999999999716, 469.9999999999963, 473.9999999999951, 676.0000000000022, 616.9999999999981, 382.9999999999981, 513.9999999999937, 472.9999999999943]","[453, 470, 461, 484, 476, 461, 453, 489, 487, 473]",0.17807121622145017,0.9809210259564664,0.03856342410722487,0.5557949954699695,0.0,0.0,2.384185791015625e-07,5.0000000000000016e-05,0.09600254381075501,-0.0005821165628731251,0.11266597363476952,0.49449965,0.00016850949261026926,1.608131609360377,0.010000000000000002
nan,nan,nan,nan,0,2,1104,1104,False,0,23,45e1e2814d1a47b2ba2f6b678ae199dc,2021-08-16_16-05-12,1629101112,8.756300687789917,198.10031294822693,2074,sjtuer-B560M-AORUS-PRO-AX,10.131.0.34,198.10031294822693,0,23,36b89_00000,[],[],22.916,2094.629,459.636,104.43,1.095,1104,1104,1104,644.0000000000002,450.99999999999534,560.8999999999972,468.2,10,9.0,61.591666666666676,"[603.0000000000018, 479.99999999999477, 515.9999999999934, 644.0000000000002, 483.99999999999454, 642.9999999999941, 617.9999999999984, 628.0000000000043, 541.9999999999953, 450.99999999999534]","[449, 476, 479, 477, 468, 464, 462, 480, 456, 471]",0.17797599417342141,0.980782096059521,0.0385721559386385,0.5558532585015834,0.0,0.0,1.1920928955078125e-07,5.0000000000000016e-05,0.11184918408592542,-0.0006431210475663344,0.12856554153064886,0.06888434,7.699795326819489e-05,1.6073236147562662,0.010000000000000002
nan,nan,nan,nan,0,2,1152,1152,False,0,24,45e1e2814d1a47b2ba2f6b678ae199dc,2021-08-16_16-05-21,1629101121,8.643275737762451,206.74358868598938,2074,sjtuer-B560M-AORUS-PRO-AX,10.131.0.34,206.74358868598938,0,24,36b89_00000,[],[],22.855,2100.219,458.266,104.743,1.086,1152,1152,1152,673.0000000000026,324.99999999999886,567.8999999999991,463.5,10,8.823076923076924,61.61538461538463,"[618.0000000000031, 621.9999999999974, 673.0000000000026, 482.99999999999375, 655.9999999999993, 517.9999999999976, 662.0000000000063, 324.99999999999886, 561.000000000001, 560.9999999999914]","[476, 459, 497, 452, 458, 447, 503, 436, 465, 442]",0.17795471369298685,0.9804759871630703,0.03856369059410696,0.5557392050361826,0.0,0.0,5.960464477539063e-08,5.0000000000000016e-05,0.06344129480421543,7.701609283685684e-05,0.07942756422174474,0.40708527,7.418421610433749e-05,1.60632869998614,0.010000000000000002
nan,nan,nan,nan,0,2,1200,1200,False,0,25,45e1e2814d1a47b2ba2f6b678ae199dc,2021-08-16_16-05-30,1629101130,8.727575302124023,215.4711639881134,2074,sjtuer-B560M-AORUS-PRO-AX,10.131.0.34,215.4711639881134,0,25,36b89_00000,[],[],23.115,2076.588,455.948,105.275,1.099,1200,1200,1200,673.9999999999982,261.0000000000025,487.89999999999816,462.5,10,10.049999999999999,61.70000000000002,"[574.0000000000007, 274.00000000000034, 438.9999999999944, 348.9999999999996, 517.9999999999948, 609.999999999995, 515.9999999999965, 261.0000000000025, 673.9999999999982, 664.0000000000005]","[461, 448, 451, 446, 475, 449, 490, 446, 481, 478]",0.1779854142117459,0.9810517862058233,0.03856907280569362,0.5557819330444593,0.0,0.0,2.9802322387695312e-08,5.0000000000000016e-05,0.02705407948233187,-4.9872323870658875e-05,0.0431681556510739,0.7135047,3.476739268914268e-05,1.60642076532046,0.010000000000000002
nan,nan,nan,nan,0,2,1248,1248,False,0,26,45e1e2814d1a47b2ba2f6b678ae199dc,2021-08-16_16-05-38,1629101138,8.523422956466675,223.99458694458008,2074,sjtuer-B560M-AORUS-PRO-AX,10.131.0.34,223.99458694458008,0,26,36b89_00000,[],[],22.999,2087.077,455.674,105.339,1.102,1248,1248,1248,637.9999999999994,306.0000000000007,534.7999999999985,459.6,10,9.616666666666667,61.691666666666684,"[352.00000000000034, 609.0000000000031, 306.0000000000007, 589.9999999999975, 637.9999999999994, 591.9999999999935, 622.0, 577.999999999997, 602.0000000000002, 458.99999999999244]","[457, 482, 449, 437, 452, 427, 481, 443, 488, 480]",0.17787468751683647,0.9806156814333382,0.038556378758881724,0.5556195036482514,0.0,0.0,1.4901161193847656e-08,5.0000000000000016e-05,0.1558451833203435,-0.00014022116859753927,0.17205088653912146,-0.19761105,3.177570677621588e-05,1.606547898054123,0.010000000000000002
nan,nan,nan,nan,0,2,1296,1296,False,0,27,45e1e2814d1a47b2ba2f6b678ae199dc,2021-08-16_16-05-47,1629101147,8.52277159690857,232.51735854148865,2074,sjtuer-B560M-AORUS-PRO-AX,10.131.0.34,232.51735854148865,0,27,36b89_00000,[],[],22.98,2088.76,457.065,105.018,1.101,1296,1296,1296,635.0000000000047,384.9999999999971,534.1999999999978,462.4,10,8.569230769230769,61.70000000000002,"[487.99999999999363, 593.0000000000027, 604.9999999999999, 584.0000000000035, 589.9999999999927, 445.9999999999928, 537.9999999999955, 384.9999999999971, 635.0000000000047, 477.99999999999494]","[460, 479, 463, 457, 465, 466, 457, 456, 470, 451]",0.17776011084847326,0.9799446369413379,0.03853467053496916,0.5553484703639197,0.0,0.0,7.450580596923828e-09,5.0000000000000016e-05,0.12105210870504379,0.00037175680821140605,0.13674263014302898,0.10180947,0.00010985354230493478,1.6062286416689555,0.010000000000000002
nan,nan,nan,nan,0,2,1344,1344,False,0,28,45e1e2814d1a47b2ba2f6b678ae199dc,2021-08-16_16-05-55,1629101155,8.516670942306519,241.03402948379517,2074,sjtuer-B560M-AORUS-PRO-AX,10.131.0.34,241.03402948379517,0,28,36b89_00000,[],[],22.982,2088.609,456.602,105.124,1.083,1344,1344,1344,650.9999999999985,292.9999999999987,529.8999999999987,461.7,10,8.675000000000002,61.70000000000002,"[587.0000000000026, 292.9999999999987, 507.9999999999956, 589.0000000000005, 504.999999999993, 508.999999999995, 650.9999999999985, 578.0000000000002, 640.0000000000064, 438.9999999999972]","[470, 478, 463, 473, 435, 460, 457, 479, 472, 430]",0.17766953880224906,0.9793516198120485,0.038521419259944165,0.5551344005036893,0.0,0.0,3.725290298461914e-09,5.0000000000000016e-05,0.05644053276628256,8.898402253786723e-05,0.0724077397181342,0.16927871,1.4981807073747669e-06,1.6056187232335408,0.010000000000000002
nan,nan,nan,nan,0,2,1392,1392,False,0,29,45e1e2814d1a47b2ba2f6b678ae199dc,2021-08-16_16-06-04,1629101164,8.677704334259033,249.7117338180542,2074,sjtuer-B560M-AORUS-PRO-AX,10.131.0.34,249.7117338180542,0,29,36b89_00000,[],[],23.045,2082.838,459.018,104.571,1.087,1392,1392,1392,674.0000000000048,427.9999999999937,574.3999999999994,470.3,10,9.025,61.60833333333333,"[593.9999999999981, 550.9999999999987, 674.0000000000048, 457.9999999999931, 469.9999999999949, 674.0000000000034, 628.0000000000035, 427.9999999999937, 609.0000000000002, 658.000000000004]","[471, 454, 492, 461, 475, 489, 452, 459, 480, 470]",0.17760301558442812,0.978780287246772,0.0385014765348124,0.5549141442292927,0.0,0.0,1.862645149230957e-09,5.0000000000000016e-05,0.051810894161462784,0.00011506682882706324,0.06774446635196606,0.3866962,3.5324773998487063e-05,1.6048638860384623,0.010000000000000002
nan,nan,nan,nan,0,2,1440,1440,False,0,30,45e1e2814d1a47b2ba2f6b678ae199dc,2021-08-16_16-06-12,1629101172,8.633867502212524,258.3456013202667,2074,sjtuer-B560M-AORUS-PRO-AX,10.131.0.34,258.3456013202667,0,30,36b89_00000,[],[],23.182,2070.596,457.989,104.806,1.09,1440,1440,1440,651.0000000000082,378.9999999999981,512.6999999999975,464.2,10,10.315384615384614,61.53076923076924,"[566.0000000000007, 416.99999999999505, 651.0000000000082, 524.9999999999925, 615.9999999999916, 453.99999999999625, 494.9999999999953, 599.9999999999994, 423.9999999999983, 378.9999999999981]","[467, 475, 477, 445, 469, 470, 489, 467, 423, 460]",0.1776830469421971,0.9785945484522106,0.03849859716700482,0.5548419787736913,0.0,0.0,9.313225746154785e-10,5.0000000000000016e-05,0.19079406460126241,6.572091951966286e-05,0.20677722555895647,0.18095896,3.460702432196427e-05,1.604888379573822,0.010000000000000002
nan,nan,nan,nan,0,2,1488,1488,False,0,31,45e1e2814d1a47b2ba2f6b678ae199dc,2021-08-16_16-06-21,1629101181,8.644585132598877,266.9901864528656,2074,sjtuer-B560M-AORUS-PRO-AX,10.131.0.34,266.9901864528656,0,31,36b89_00000,[],[],22.959,2090.718,455.59,105.358,1.082,1488,1488,1488,622.9999999999986,397.9999999999967,530.9999999999967,462.8,10,9.825,61.58333333333334,"[462.99999999999557, 575.9999999999998, 570.9999999999943, 570.0000000000018, 588.9999999999908, 622.9999999999986, 397.9999999999967, 458.99999999999636, 471.99999999999505, 588.9999999999973]","[488, 452, 463, 456, 470, 466, 451, 444, 460, 478]",0.17775465015953032,0.9785592787056169,0.03849446818075064,0.5547663934207275,0.0,0.0,4.656612873077393e-10,5.0000000000000016e-05,0.17986064019302528,-6.182678043842316e-06,0.19592193647598227,-0.35019305,1.567863972219049e-05,1.6055101911226908,0.010000000000000002
nan,nan,nan,nan,0,2,1536,1536,False,0,32,45e1e2814d1a47b2ba2f6b678ae199dc,2021-08-16_16-06-30,1629101190,8.640915632247925,275.6311020851135,2074,sjtuer-B560M-AORUS-PRO-AX,10.131.0.34,275.6311020851135,0,32,36b89_00000,[],[],22.881,2097.768,455.489,105.381,1.091,1536,1536,1536,604.0000000000035,357.99999999999665,505.6999999999991,455.9,10,10.916666666666666,61.6,"[598.0000000000035, 604.0000000000035, 357.99999999999665, 432.9999999999967, 433.9999999999974, 588.0000000000016, 455.99999999999653, 594.0000000000031, 425.99999999999756, 565.9999999999949]","[473, 439, 441, 473, 458, 454, 461, 458, 461, 441]",0.1778286198808596,0.9790669053698139,0.03851246657888286,0.5549232985408016,0.0,0.0,2.3283064365386963e-10,5.0000000000000016e-05,0.18953556350121895,2.213247741262118e-05,0.20556829577932756,-0.08229859,2.2604410209699685e-06,1.605486629406611,0.010000000000000002
nan,nan,nan,nan,0,2,1584,1584,False,0,33,45e1e2814d1a47b2ba2f6b678ae199dc,2021-08-16_16-06-38,1629101198,8.662272691726685,284.2933747768402,2074,sjtuer-B560M-AORUS-PRO-AX,10.131.0.34,284.2933747768402,0,33,36b89_00000,[],[],23.19,2069.899,455.763,105.318,1.094,1584,1584,1584,637.0000000000011,449.9999999999951,544.9999999999989,459.8,10,9.86923076923077,61.4153846153846,"[567.9999999999987, 449.9999999999951, 477.9999999999959, 637.0000000000011, 616.0000000000078, 599.0000000000028, 560.9999999999967, 506.99999999999596, 461.9999999999957, 571.9999999999983]","[451, 442, 473, 462, 458, 464, 487, 461, 452, 448]",0.17782365547672213,0.9792777199272124,0.038521189717433575,0.5550108410581984,0.0,0.0,1.1641532182693481e-10,5.0000000000000016e-05,0.28508692579343914,-1.9958739479382832e-05,0.30117028144498664,0.24528313,6.069334700953277e-05,1.606340487798055,0.010000000000000002
nan,nan,nan,nan,0,2,1632,1632,False,0,34,45e1e2814d1a47b2ba2f6b678ae199dc,2021-08-16_16-06-47,1629101207,8.825923442840576,293.1192982196808,2074,sjtuer-B560M-AORUS-PRO-AX,10.131.0.34,293.1192982196808,0,34,36b89_00000,[],[],23.154,2073.111,453.97,105.734,1.098,1632,1632,1632,625.0000000000057,330.99999999999727,543.1999999999988,472.8,10,9.299999999999999,61.34999999999999,"[615.9999999999984, 330.99999999999727, 562.9999999999993, 521.9999999999922, 425.9999999999964, 625.0000000000057, 560.9999999999989, 625.0000000000023, 539.9999999999958, 623.0000000000026]","[456, 466, 495, 475, 459, 460, 491, 472, 485, 469]",0.17779417633524536,0.9792967674420339,0.03852352147774669,0.555027408347736,0.0,0.0,5.820766091346741e-11,5.0000000000000016e-05,0.10425004757319888,3.410916154583295e-05,0.12028479212895035,0.60383064,1.997167589659436e-05,1.6068859895070393,0.010000000000000002
nan,nan,nan,nan,0,2,1680,1680,False,0,35,45e1e2814d1a47b2ba2f6b678ae199dc,2021-08-16_16-06-56,1629101216,8.64693570137024,301.766233921051,2074,sjtuer-B560M-AORUS-PRO-AX,10.131.0.34,301.766233921051,0,35,36b89_00000,[],[],22.905,2095.633,454.98,105.499,1.087,1680,1680,1680,667.0000000000044,365.9999999999983,514.1999999999974,465.1,10,10.584615384615384,61.30769230769229,"[667.0000000000044, 593.9999999999964, 460.9999999999911, 495.9999999999937, 591.0000000000006, 365.9999999999983, 595.0000000000023, 429.99999999999426, 407.9999999999971, 533.9999999999959]","[480, 460, 484, 483, 451, 443, 449, 466, 493, 442]",0.17772619849021504,0.9791404570053628,0.038519209481169096,0.5549564600540791,0.0,0.0,2.9103830456733704e-11,5.0000000000000016e-05,-0.01309476476162672,-0.0002614022853473822,0.003239223339672511,0.8379975,2.179411100987257e-05,1.6072593172391256,0.010000000000000002
nan,nan,nan,nan,0,2,1728,1728,False,0,36,45e1e2814d1a47b2ba2f6b678ae199dc,2021-08-16_16-07-05,1629101225,8.84166431427002,310.60789823532104,2074,sjtuer-B560M-AORUS-PRO-AX,10.131.0.34,310.60789823532104,0,36,36b89_00000,[],[],22.926,2093.686,454.614,105.584,1.089,1728,1728,1728,649.0000000000022,328.0000000000002,544.7999999999981,468.5,10,9.85,61.40833333333333,"[505.9999999999926, 489.9999999999979, 645.9999999999965, 328.0000000000002, 649.0000000000022, 476.9999999999934, 587.0000000000024, 612.0000000000025, 646.0000000000019, 506.99999999999216]","[470, 460, 456, 433, 473, 484, 471, 492, 472, 474]",0.17773948602306366,0.9795164676794462,0.038531280617351935,0.5551142138674588,0.0,0.0,1.4551915228366852e-11,5.0000000000000016e-05,-0.012429555008808772,-0.00023979510491093,0.0038926568047221127,0.5944079,2.526461707314335e-05,1.6082423190275827,0.010000000000000002
nan,nan,nan,nan,0,2,1776,1776,False,0,37,45e1e2814d1a47b2ba2f6b678ae199dc,2021-08-16_16-07-13,1629101233,8.520407676696777,319.1283059120178,2074,sjtuer-B560M-AORUS-PRO-AX,10.131.0.34,319.1283059120178,0,37,36b89_00000,[],[],22.931,2093.208,455.246,105.437,1.092,1776,1776,1776,638.0000000000025,357.9999999999977,545.6999999999991,456.1,10,8.70833333333333,61.283333333333324,"[392.99999999999665, 592.9999999999973, 576.9999999999998, 357.9999999999977, 604.9999999999986, 545.9999999999976, 540.9999999999931, 603.0000000000028, 638.0000000000025, 603.0000000000042]","[463, 420, 466, 478, 474, 435, 443, 467, 466, 449]",0.17769621221765913,0.9794074231786551,0.03852843429387719,0.5551287748737301,0.0,0.0,7.275957614183426e-12,5.0000000000000016e-05,0.1659601508329312,6.341865907112757e-05,0.18198359080900747,-0.057732835,1.6590314726746176e-05,1.608686633904775,0.010000000000000002
nan,nan,nan,nan,0,2,1824,1824,False,0,38,45e1e2814d1a47b2ba2f6b678ae199dc,2021-08-16_16-07-22,1629101242,8.8318452835083,327.9601511955261,2074,sjtuer-B560M-AORUS-PRO-AX,10.131.0.34,327.9601511955261,0,38,36b89_00000,[],[],22.967,2089.991,454.213,105.677,1.094,1824,1824,1824,692.0000000000034,494.9999999999966,583.6999999999988,468.9,10,9.476923076923077,61.407692307692294,"[513.999999999993, 618.9999999999994, 585.0000000000002, 609.9999999999928, 516.9999999999952, 494.9999999999966, 692.0000000000034, 555.9999999999976, 665.0000000000057, 584.0000000000045]","[444, 458, 488, 477, 472, 475, 488, 463, 471, 453]",0.1778606685908129,0.9795750305026877,0.038538299638125696,0.5552499193099506,0.0,0.0,3.637978807091713e-12,5.0000000000000016e-05,0.21526279648145039,-5.417199184497197e-05,0.23140419330447912,0.39198443,3.7128800105771616e-05,1.6087229708830515,0.010000000000000002
nan,nan,nan,nan,0,2,1872,1872,False,0,39,45e1e2814d1a47b2ba2f6b678ae199dc,2021-08-16_16-07-31,1629101251,8.78462815284729,336.7447793483734,2074,sjtuer-B560M-AORUS-PRO-AX,10.131.0.34,336.7447793483734,0,39,36b89_00000,[],[],23.708,2024.592,452.465,106.086,1.108,1872,1872,1872,673.9999999999985,377.99999999999807,541.9999999999976,464.6,10,10.715384615384616,61.20000000000002,"[622.0000000000007, 673.9999999999985, 377.99999999999807, 575.9999999999983, 563.9999999999958, 451.99999999999545, 461.99999999999505, 555.9999999999948, 479.9999999999985, 656.000000000002]","[475, 471, 454, 433, 451, 465, 486, 486, 461, 464]",0.17785732288880257,0.9799610345994998,0.038548987947290655,0.5553976854492595,0.0,0.0,1.8189894035458565e-12,5.0000000000000016e-05,0.11616109556828937,-0.0003131479645768801,0.1325609917131563,-0.20329484,5.2645388717209586e-05,1.6086753606796265,0.010000000000000002
nan,nan,nan,nan,0,2,1920,1920,False,0,40,45e1e2814d1a47b2ba2f6b678ae199dc,2021-08-16_16-07-40,1629101260,8.64884090423584,345.39362025260925,2074,sjtuer-B560M-AORUS-PRO-AX,10.131.0.34,345.39362025260925,0,40,36b89_00000,[],[],23.565,2036.938,455.043,105.485,1.111,1920,1920,1920,708.9999999999984,410.9999999999949,610.1000000000001,469.7,10,9.275,61.32499999999999,"[708.9999999999984, 619.000000000003, 554.9999999999952, 655.0000000000051, 567.9999999999965, 655.000000000005, 632.0000000000003, 637.9999999999993, 410.9999999999949, 659.0000000000034]","[485, 460, 477, 482, 450, 475, 467, 463, 460, 478]",0.17780058480025684,0.9794801229540907,0.038536252835494375,0.5551910073021816,0.0,0.0,9.094947017729282e-13,5.0000000000000016e-05,0.19800977700700362,4.619633158047994e-05,0.21404763162136078,0.17916062,5.920753758470454e-06,1.6084051390488943,0.010000000000000002
nan,nan,nan,nan,0,2,1968,1968,False,0,41,45e1e2814d1a47b2ba2f6b678ae199dc,2021-08-16_16-07-48,1629101268,8.469225406646729,353.862845659256,2074,sjtuer-B560M-AORUS-PRO-AX,10.131.0.34,353.862845659256,0,41,36b89_00000,[],[],23.466,2045.547,453.849,105.762,1.11,1968,1968,1968,663.000000000005,336.99999999999807,470.9999999999982,453.9,10,8.566666666666668,61.35833333333332,"[336.99999999999807, 663.000000000005, 379.99999999999847, 613.0000000000013, 439.9999999999946, 406.99999999999585, 544.9999999999973, 560.9999999999972, 415.9999999999965, 347.99999999999716]","[459, 457, 457, 466, 459, 446, 456, 442, 461, 436]",0.17774235776789052,0.979478617713419,0.03853135285971574,0.5551515992024261,0.0,0.0,4.547473508864641e-13,5.0000000000000016e-05,0.06569112458576759,0.0001871766522526741,0.08159451559185982,0.32094118,4.631630390576902e-05,1.6090568979581197,0.010000000000000002
nan,nan,nan,nan,0,2,2016,2016,False,0,42,45e1e2814d1a47b2ba2f6b678ae199dc,2021-08-16_16-07-57,1629101277,8.664016246795654,362.52686190605164,2074,sjtuer-B560M-AORUS-PRO-AX,10.131.0.34,362.52686190605164,0,42,36b89_00000,[],[],23.494,2043.053,454.304,105.656,1.116,2016,2016,2016,631.0,305.000000000001,505.8999999999998,467.6,10,8.658333333333333,61.34999999999999,"[305.000000000001, 440.99999999999716, 335.9999999999968, 628.0000000000073, 631.0, 590.0000000000041, 526.9999999999945, 597.0000000000031, 486.9999999999967, 516.9999999999974]","[469, 469, 476, 461, 458, 488, 458, 477, 445, 475]",0.17768997979090462,0.9791813979556461,0.03852585808256014,0.5550715888933836,0.0,0.0,2.2737367544323206e-13,5.0000000000000016e-05,0.10499072245632608,0.00033941796670357386,0.12073732664187749,0.39881775,0.00013389761215781466,1.6086021959781647,0.010000000000000002
nan,nan,nan,nan,0,2,2064,2064,False,0,43,45e1e2814d1a47b2ba2f6b678ae199dc,2021-08-16_16-08-05,1629101285,8.555439233779907,371.08230113983154,2074,sjtuer-B560M-AORUS-PRO-AX,10.131.0.34,371.08230113983154,0,43,36b89_00000,[],[],22.604,2123.504,453.632,105.813,1.115,2064,2064,2064,562.9999999999981,258.0000000000025,460.4999999999976,457.7,10,8.63076923076923,61.39999999999999,"[532.999999999999, 504.99999999999676, 493.99999999999926, 542.9999999999961, 562.9999999999981, 459.9999999999944, 353.9999999999975, 401.9999999999972, 492.99999999999574, 258.0000000000025]","[457, 465, 438, 455, 456, 472, 471, 439, 456, 468]",0.1776199223468336,0.9791975148453632,0.03852463036266882,0.5550853245715686,0.0,0.0,1.1368683772161603e-13,5.0000000000000016e-05,0.021877985478689275,1.9453000277280807e-05,0.03794604517558279,0.6298002,4.527361035873886e-06,1.6087521274884542,0.010000000000000002
nan,nan,nan,nan,0,2,2112,2112,False,0,44,45e1e2814d1a47b2ba2f6b678ae199dc,2021-08-16_16-08-14,1629101294,8.60566759109497,379.6879687309265,2074,sjtuer-B560M-AORUS-PRO-AX,10.131.0.34,379.6879687309265,0,44,36b89_00000,[],[],22.555,2128.161,453.132,105.929,1.115,2112,2112,2112,622.0000000000013,434.99999999999625,543.5999999999979,466.1,10,8.616666666666667,61.36666666666665,"[622.0000000000013, 571.0000000000031, 441.9999999999953, 498.99999999998766, 617.9999999999981, 620.000000000004, 589.999999999998, 594.9999999999995, 434.99999999999625, 443.9999999999957]","[478, 477, 466, 446, 480, 477, 449, 460, 471, 457]",0.177526136712641,0.9789141818375192,0.038517813056783264,0.5549930157584229,0.0,0.0,5.684341886080802e-14,5.0000000000000016e-05,0.09115814603865147,0.00011082412675023079,0.10713210029837986,0.40727693,1.7768371000196716e-05,1.6084770421187082,0.010000000000000002
nan,nan,nan,nan,0,2,2160,2160,False,0,45,45e1e2814d1a47b2ba2f6b678ae199dc,2021-08-16_16-08-22,1629101302,8.551538944244385,388.2395076751709,2074,sjtuer-B560M-AORUS-PRO-AX,10.131.0.34,388.2395076751709,0,45,36b89_00000,[],[],22.498,2133.49,453.366,105.875,1.11,2160,2160,2160,665.9999999999986,283.0000000000002,494.89999999999736,459.8,10,8.708333333333334,61.36666666666665,"[412.99999999999756, 597.9999999999965, 450.9999999999969, 407.9999999999962, 491.999999999995, 558.999999999996, 665.9999999999986, 283.0000000000002, 596.0000000000019, 482.9999999999949]","[457, 457, 464, 453, 447, 472, 490, 423, 476, 459]",0.1774478351543362,0.9787798205199291,0.03851225037404145,0.5549764339332821,0.0,0.0,2.842170943040401e-14,5.0000000000000016e-05,0.1116021062557896,3.7575264771779376e-05,0.1276545207326611,0.215019,3.435665886778831e-06,1.6089980443318685,0.010000000000000002
nan,nan,nan,nan,0,2,2208,2208,False,0,46,45e1e2814d1a47b2ba2f6b678ae199dc,2021-08-16_16-08-31,1629101311,8.45206880569458,396.6915764808655,2074,sjtuer-B560M-AORUS-PRO-AX,10.131.0.34,396.6915764808655,0,46,36b89_00000,[],[],22.46,2137.133,453.872,105.757,1.105,2208,2208,2208,677.0000000000084,432.9999999999926,545.099999999998,459.4,10,8.891666666666667,61.37499999999999,"[565.9999999999966, 633.0000000000018, 587.000000000001, 677.0000000000084, 445.99999999999494, 449.9999999999923, 432.9999999999926, 498.99999999999676, 546.9999999999961, 612.9999999999992]","[427, 433, 469, 493, 458, 464, 455, 466, 467, 462]",0.1773809257524906,0.9783876663776365,0.038497851517576884,0.5548043987272555,0.0,0.0,1.4210854715202004e-14,5.0000000000000016e-05,0.240954049055775,0.0007198367267847062,0.25632463370760283,0.23584275,3.769246336939129e-05,1.6090417166550954,0.010000000000000002
nan,nan,nan,nan,0,2,2256,2256,False,0,47,45e1e2814d1a47b2ba2f6b678ae199dc,2021-08-16_16-08-39,1629101319,8.524049520492554,405.21562600135803,2074,sjtuer-B560M-AORUS-PRO-AX,10.131.0.34,405.21562600135803,0,47,36b89_00000,[],[],22.455,2137.62,454.132,105.696,1.112,2256,2256,2256,650.9999999999974,306.9999999999987,521.5999999999983,457.1,10,8.608333333333333,61.31666666666666,"[306.9999999999987, 641.0000000000032, 587.9999999999982, 625.0000000000044, 650.9999999999974, 495.9999999999956, 489.9999999999941, 552.999999999997, 331.9999999999966, 532.9999999999975]","[443, 475, 444, 448, 477, 458, 456, 461, 449, 460]",0.17732720484368647,0.978282204634836,0.03849676029994375,0.5548147908650087,0.0,0.0,7.105427357601002e-15,5.0000000000000016e-05,0.20196563305022816,-0.00019446716954310734,0.21825131587684155,0.24354999,2.6261523214780405e-05,1.60912082195282,0.010000000000000002
nan,nan,nan,nan,0,2,2304,2304,False,0,48,45e1e2814d1a47b2ba2f6b678ae199dc,2021-08-16_16-08-48,1629101328,8.707861423492432,413.92348742485046,2074,sjtuer-B560M-AORUS-PRO-AX,10.131.0.34,413.92348742485046,0,48,36b89_00000,[],[],22.395,2143.304,453.729,105.79,1.112,2304,2304,2304,676.9999999999991,459.9999999999966,581.0999999999987,472.3,10,8.492307692307692,61.3,"[516.9999999999965, 557.9999999999982, 567.9999999999926, 665.0000000000025, 542.9999999999967, 565.999999999993, 653.0000000000108, 604.0000000000013, 459.9999999999966, 676.9999999999991]","[464, 485, 453, 477, 469, 448, 481, 473, 449, 524]",0.17730974239604386,0.977977958027797,0.03849114997151311,0.5547395683899549,0.0,0.0,3.552713678800501e-15,5.0000000000000016e-05,0.13401956322292488,9.08981387813886e-05,0.15002168181041878,-0.27549335,3.067197305139935e-06,1.6093012273311615,0.010000000000000002
nan,nan,nan,nan,0,2,2352,2352,False,0,49,45e1e2814d1a47b2ba2f6b678ae199dc,2021-08-16_16-08-57,1629101337,8.47848129272461,422.4019687175751,2074,sjtuer-B560M-AORUS-PRO-AX,10.131.0.34,422.4019687175751,0,49,36b89_00000,[],[],21.683,2213.724,454.21,105.678,1.101,2352,2352,2352,607.9999999999962,412.9999999999966,518.7999999999984,459.6,10,8.766666666666666,61.225,"[416.9999999999968, 445.99999999999534, 607.9999999999962, 496.9999999999955, 581.9999999999994, 587.0000000000045, 441.9999999999961, 412.9999999999966, 607.0000000000025, 589.0000000000001]","[482, 471, 464, 468, 463, 451, 440, 433, 468, 456]",0.1772419810189852,0.9776878900037896,0.03848611392803081,0.5546416744587174,0.0,0.0,1.7763568394002505e-15,5.0000000000000016e-05,0.11777814161032438,1.2698397040367126e-05,0.13385778373728197,-0.20336752,1.0617659628072336e-05,1.6092333853244782,0.010000000000000002
nan,nan,nan,nan,0,2,2400,2400,False,0,50,45e1e2814d1a47b2ba2f6b678ae199dc,2021-08-16_16-09-05,1629101345,8.540262460708618,430.9422311782837,2074,sjtuer-B560M-AORUS-PRO-AX,10.131.0.34,430.9422311782837,0,50,36b89_00000,[],[],21.698,2212.153,452.812,106.004,1.113,2400,2400,2400,663.9999999999998,444.9999999999972,556.7999999999984,467.4,10,8.558333333333334,61.26666666666665,"[552.9999999999942, 451.99999999999676, 444.9999999999972, 571.9999999999942, 631.0000000000051, 575.0000000000013, 570.9999999999952, 663.9999999999998, 496.9999999999985, 608.0000000000016]","[465, 468, 474, 488, 463, 452, 470, 500, 435, 459]",0.17718405251548489,0.9771861962956863,0.03847207802549004,0.5544386158606436,0.0,0.0,8.881784197001252e-16,5.0000000000000016e-05,0.09952852077161273,-9.444275250037511e-05,0.11571496790274978,0.05528332,1.2406592790152142e-06,1.6091996808846791,0.010000000000000002
nan,nan,nan,nan,0,2,2448,2448,False,0,51,45e1e2814d1a47b2ba2f6b678ae199dc,2021-08-16_16-09-14,1629101354,8.52130651473999,439.4635376930237,2074,sjtuer-B560M-AORUS-PRO-AX,10.131.0.34,439.4635376930237,0,51,36b89_00000,[],[],21.802,2201.598,453.093,105.939,1.13,2448,2448,2448,680.0000000000015,413.9999999999961,565.4999999999973,465.1,10,8.583333333333334,61.308333333333316,"[549.9999999999953, 665.9999999999981, 413.9999999999961, 680.0000000000015, 643.9999999999989, 628.999999999999, 543.9999999999937, 588.9999999999993, 421.99999999999613, 516.9999999999945]","[441, 487, 457, 456, 457, 451, 448, 463, 477, 514]",0.17712752054660047,0.9767604507543013,0.038460195702682984,0.5542844815080235,0.0,0.0,4.440892098500626e-16,5.0000000000000016e-05,0.3808909934014082,-6.525665521621704e-05,0.3970439481238524,-0.12970918,6.944302980605628e-05,1.608769969145457,0.010000000000000002
nan,nan,nan,nan,0,2,2496,2496,False,0,52,45e1e2814d1a47b2ba2f6b678ae199dc,2021-08-16_16-09-22,1629101362,8.674067974090576,448.13760566711426,2074,sjtuer-B560M-AORUS-PRO-AX,10.131.0.34,448.13760566711426,0,52,36b89_00000,[],[],21.695,2212.524,452.5,106.077,1.134,2496,2496,2496,621.9999999999997,366.9999999999965,494.0999999999979,471.2,10,8.607692307692307,61.33076923076922,"[491.99999999999494, 366.9999999999965, 600.9999999999991, 479.999999999998, 385.99999999999943, 533.0000000000006, 403.9999999999962, 490.999999999995, 564.9999999999999, 621.9999999999997]","[476, 470, 458, 458, 473, 485, 457, 492, 480, 463]",0.17706197795109047,0.9764623651284212,0.038450056242786315,0.5542019548494118,0.0,0.0,2.220446049250313e-16,5.0000000000000016e-05,0.17105204140146574,0.00011427768816550573,0.1870248929907878,-0.074347645,7.60354311091227e-07,1.6087133566538492,0.010000000000000002
nan,nan,nan,nan,0,2,2544,2544,False,0,53,45e1e2814d1a47b2ba2f6b678ae199dc,2021-08-16_16-09-31,1629101371,8.455185890197754,456.592791557312,2074,sjtuer-B560M-AORUS-PRO-AX,10.131.0.34,456.592791557312,0,53,36b89_00000,[],[],21.684,2213.656,451.368,106.343,1.132,2544,2544,2544,644.999999999999,341.99999999999704,529.199999999997,456.9,10,8.6,61.308333333333316,"[341.99999999999704, 479.99999999999335, 524.9999999999906, 584.9999999999941, 580.0000000000033, 416.9999999999984, 644.999999999999, 554.9999999999998, 569.9999999999948, 593.0000000000003]","[465, 428, 444, 473, 453, 473, 453, 446, 464, 470]",0.17703142557760193,0.9762901714099577,0.038444298985828,0.554139165739092,0.0,0.0,1.1102230246251565e-16,5.0000000000000016e-05,0.26945388739307724,7.699451719721159e-05,0.2854619910319646,0.18359679,9.64274218375749e-06,1.6085104902585348,0.010000000000000002
nan,nan,nan,nan,0,2,2592,2592,False,0,54,45e1e2814d1a47b2ba2f6b678ae199dc,2021-08-16_16-09-39,1629101379,8.535831451416016,465.128623008728,2074,sjtuer-B560M-AORUS-PRO-AX,10.131.0.34,465.128623008728,0,54,36b89_00000,[],[],21.744,2207.542,454.218,105.676,1.135,2592,2592,2592,586.9999999999973,391.99999999999727,524.2999999999962,461.0,10,8.65,61.29166666666666,"[548.000000000001, 391.99999999999727, 504.99999999999295, 463.9999999999932, 568.9999999999925, 521.9999999999943, 571.9999999999956, 586.9999999999973, 522.9999999999984, 560.9999999999997]","[442, 446, 457, 445, 442, 479, 450, 462, 481, 506]",0.17699751442436543,0.9760504484245374,0.03843702619094182,0.5540816388360991,0.0,0.0,5.551115123125783e-17,5.0000000000000016e-05,0.4161641261540353,6.935109073917071e-05,0.4321780100464821,0.37550202,1.0917043888743668e-06,1.6083228607972464,0.010000000000000002
nan,nan,nan,nan,0,2,2640,2640,False,0,55,45e1e2814d1a47b2ba2f6b678ae199dc,2021-08-16_16-09-48,1629101388,8.534656286239624,473.66327929496765,2074,sjtuer-B560M-AORUS-PRO-AX,10.131.0.34,473.66327929496765,0,55,36b89_00000,[],[],21.79,2202.828,453.013,105.957,1.134,2640,2640,2640,646.0000000000022,292.9999999999989,482.99999999999693,463.4,10,8.575000000000001,61.31666666666666,"[318.9999999999999, 401.9999999999979, 580.9999999999922, 545.9999999999926, 437.9999999999969, 442.99999999999994, 292.9999999999989, 643.9999999999983, 517.9999999999911, 646.0000000000022]","[445, 456, 461, 468, 448, 446, 476, 492, 478, 464]",0.17696311555671898,0.9757997423812277,0.03842959760349539,0.553986956573917,0.0,0.0,2.7755575615628914e-17,5.0000000000000016e-05,0.2391397167618076,0.00012126021708051364,0.2550961520522833,-0.04181653,2.8585830649300684e-05,1.6077699959278107,0.010000000000000002
nan,nan,nan,nan,0,2,2688,2688,False,0,56,45e1e2814d1a47b2ba2f6b678ae199dc,2021-08-16_16-09-57,1629101397,8.733750343322754,482.3970296382904,2074,sjtuer-B560M-AORUS-PRO-AX,10.131.0.34,482.3970296382904,0,56,36b89_00000,[],[],21.767,2205.132,455.673,105.339,1.14,2688,2688,2688,650.0000000000058,359.9999999999978,514.3999999999988,466.1,10,8.384615384615385,61.353846153846156,"[612.0000000000022, 442.9999999999952, 359.9999999999978, 608.0000000000042, 432.9999999999942, 553.9999999999991, 650.0000000000058, 445.99999999999665, 540.9999999999958, 496.999999999997]","[468, 481, 478, 466, 445, 462, 495, 465, 455, 446]",0.17697216596661233,0.9758113578167464,0.038432863989787604,0.5540301220817712,0.0,0.0,1.3877787807814457e-17,5.0000000000000016e-05,0.2071452724786165,-0.00038444452608625096,0.22360264038046201,0.42327598,4.566039634899728e-05,1.6072924156983694,0.010000000000000002
584.9999999999953,584.9999999999953,584.9999999999953,456.0,1,2,2736,2736,False,1,57,45e1e2814d1a47b2ba2f6b678ae199dc,2021-08-16_16-10-05,1629101405,8.508858680725098,490.9058883190155,2074,sjtuer-B560M-AORUS-PRO-AX,10.131.0.34,490.9058883190155,0,57,36b89_00000,[584.9999999999953],[456],21.92,2189.801,454.117,105.7,1.143,2736,2736,2736,605.0000000000017,312.9999999999994,510.6999999999968,459.3,10,8.408333333333335,61.35833333333333,"[430.99999999999557, 598.9999999999997, 497.99999999998977, 530.9999999999959, 605.0000000000017, 491.99999999999613, 532.9999999999955, 312.9999999999994, 557.9999999999992, 546.9999999999958]","[476, 437, 452, 480, 474, 450, 461, 450, 450, 463]",0.17694853757417744,0.9756978926005878,0.03842721650174503,0.5539611334200639,0.0,0.0,6.938893903907228e-18,5.0000000000000016e-05,1.269552620748679,6.211899841825167e-05,1.2855593451609215,0.007677911,7.761109812539264e-06,1.6068816880385082,0.010000000000000002
584.9999999999953,584.9999999999953,584.9999999999953,456.0,0,2,2784,2784,False,1,58,45e1e2814d1a47b2ba2f6b678ae199dc,2021-08-16_16-10-14,1629101414,8.423097133636475,499.328985452652,2074,sjtuer-B560M-AORUS-PRO-AX,10.131.0.34,499.328985452652,0,58,36b89_00000,[584.9999999999953],[456],22.081,2173.823,455.71,105.33,1.136,2784,2784,2784,630.9999999999972,347.00000000000034,502.199999999997,458.7,10,8.591666666666667,61.36666666666665,"[562.9999999999951, 446.99999999999426, 612.0000000000043, 507.9999999999949, 530.9999999999967, 347.00000000000034, 489.9999999999959, 630.9999999999972, 432.9999999999962, 459.99999999999517]","[467, 444, 470, 462, 457, 485, 446, 449, 463, 444]",0.17688527824011896,0.9753857934502635,0.03841722618833023,0.553852222580488,0.0,0.0,3.469446951953614e-18,5.0000000000000016e-05,0.8214738277097543,0.00022137227157751718,0.8373466491699219,-0.6120619,7.700685814597819e-05,1.609420762459437,0.010000000000000002
